hhid,round,comment,contract_id,s15q19,s15q19_b,s15q19_1,s15q19_2,s15q40,s15q35,s15q22,s15q22a,s15q22b,s15q22c,s15q39,s15q39_r6,s15q39_r7,s15q39_a,s15q54,s15q55a,s15q55b,s15q56
1002,2,,1,Jan-Feb current year,,.b,.b,No,,,4,0,0,,,,,,,,
1002,3,0,1,Aug-Sept current year,,1,683,,,Yes,2,0,0,Central and Gadamoji,,,,,,,
1002,4,0,1,Aug-Sept current year,,1,400,Yes,30%,,3,0,0,Central and Gadamoji,,,,,,,
1003,7,,,,Jan/Feb 2015,1,,,,,0,0,4,,,Central Marsabit,,,,,
1004,3,0,1,Aug-Sept current year,,1,1180,,,,3,0,0,Central and Gadamoji,,,,,,,
1004,5,0,1,Jan-Feb current year,,1,1700,,,No,5,0,0,Central and Gadamoji,,,15%,,,,
1004,7,,,,Jan/Feb 2012,1,,,,,3,0,0,,,Central Marsabit,,,,,
1005,3,0,1,Jan-Feb current year,,1,488,,,,0,0,10,Central and Gadamoji,,,,Yes,24,October,1650
1005,3,0,2,Aug-Sept current year,,1,780,,,Yes,4,0,0,Central and Gadamoji,,,,,,,
1005,4,0,1,Aug-Sept current year,,1,1950,No,,,4,0,0,Central and Gadamoji,,,,,,,
1005,7,,,,Aug/Sept 2012,1,,,,,4,0,0,,,Central Marsabit,,,,,
1006,2,,1,Jan-Feb current year,,1,976,No,,,20,0,0,,,,,,,,
1006,5,0,1,Jan-Feb current year,,1,4388,,,Yes,15,0,0,Central and Gadamoji,,,15%,,,,
1006,5,0,2,Aug-Sept current year,,1,4240,,,Yes,10,0,0,Central and Gadamoji,,,10%,,,,
1006,7,,,,Aug/Sept 2012,1,,,,,8,0,25,,,Central Marsabit,,,,,
1007,3,0,1,Aug-Sept current year,,1,485,,,,1,0,0,Central and Gadamoji,,,,,,,
1007,4,0,1,Aug-Sept current year,,1,1000,No,,,1,0,0,Central and Gadamoji,,,,,,,
1007,7,,,,I don't know,1,,,,,.a,0,0,,,Central Marsabit,,,,,
1008,4,0,1,Aug-Sept current year,,1,500,Yes,I don't know,,6,0,0,Central and Gadamoji,,,,,,,
1008,5,0,1,Jan-Feb current year,,1,500,,,Yes,3,0,0,Central and Gadamoji,,,I don't know,,,,
1008,5,0,2,Aug-Sept current year,,1,2400,,,Yes,4,0,0,Central and Gadamoji,,,15%,,,,
1008,7,,,,I don't know,1,,,,,5,0,0,,,Central Marsabit,,,,,
1009,3,0,1,Aug-Sept current year,,1,1700,,,Yes,6,0,0,Central and Gadamoji,,,,,,,
1009,4,0,1,Aug-Sept current year,,1,1000,Yes,50%,,4,0,0,Central and Gadamoji,,,,,,,
1009,5,0,1,Jan-Feb current year,,1,482,,,Yes,6,0,0,Central and Gadamoji,,,15%,,,,
1009,7,,,,I don't know,1,,,,,18,0,100,,,Central Marsabit,,,,,
1013,2,,1,Jan-Feb current year,,1,.a,No,,,0,0,7,,,,,,,,
1013,5,0,1,Aug-Sept current year,,1,1690,,,No,4,0,0,Central and Gadamoji,,,15%,,,,
1014,7,,,,I don't know,1,,,,,4,0,0,,,Central Marsabit,,,,,
1016,7,,,,I don't know,1,,,,,2,0,0,,,Central Marsabit,,,,,
1017,2,,1,Jan-Feb current year,,3,976,No,,,2,0,0,,,,,,,,
1018,3,1,1,Jan-Feb current year,,1,2438,,,Yes,10,0,0,Central and Gadamoji,,,,Yes,26,October,16500
1018,5,0,1,Aug-Sept current year,,1,8000,,,Yes,2,0,0,Central and Gadamoji,,,10%,,,,
1019,3,0,1,Jan-Feb current year,,1,488,,,,1,0,0,Central and Gadamoji,,,,No,,,
1019,7,,,,Jan/Feb 2015,1,,,,,3,0,0,,,Central Marsabit,,,,,
1020,7,,,,I don't know,1,,,,,10,0,0,,,Central Marsabit,,,,,
1021,4,0,1,Aug-Sept current year,,1,1000,No,,,3,0,0,Central and Gadamoji,,,,,,,
1021,5,0,1,Jan-Feb current year,,1,400,,,Yes,1,0,0,Central and Gadamoji,,,15%,,,,
1021,5,0,2,Aug-Sept current year,,1,500,,,Yes,1,0,0,Central and Gadamoji,,,15%,,,,
1024,2,,1,Jan-Feb current year,,1,585,Yes,60%,,2,0,0,,,,,,,,
1026,4,0,1,Aug-Sept current year,,1,4000,Yes,30%,,4,0,0,Central and Gadamoji,,,,,,,
1026,5,0,1,.b,,.b,.b,,,.b,.b,.b,.b,.b,,,.b,,,,
1031,2,,1,Jan-Feb current year,,1,3900,Yes,I don't know,,20,0,0,,,,,,,,
1031,3,0,1,Jan-Feb current year,,1,975,,,Yes,10,0,0,Central and Gadamoji,,,,No,,,
1031,7,,,,Jan/Feb 2012,1,,,,,50,0,0,,,Central Marsabit,,,,,
1033,6,0,1,Aug-Sept current year,,1,4636,,,,0,2,0,,Gadamoji,,,,,,
1034,3,0,1,Aug-Sept current year,,1,3700,,,Yes,15,0,0,Central and Gadamoji,,,,,,,
1034,7,,,,Jan/Feb 2011,1,,,,,.a,.a,.a,,,Central Marsabit,,,,,
1034,7,,,,Jan/Feb 2012,2,,,,,.a,0,.a,,,Central Marsabit,,,,,
1036,2,,1,Jan-Feb current year,,1,.a,Yes,I don't know,,2,0,0,,,,,,,,
1036,7,,,,I don't know,2,,,,,4,0,0,,,Central Marsabit,,,,,
1037,2,,1,Jan-Feb current year,,1,976,No,,,1,0,0,,,,,,,,
1037,5,0,1,Jan-Feb current year,,1,2500,,,No,0,0,50,Central and Gadamoji,,,I don't know,,,,
1037,7,,,,Jan/Feb 2015,1,,,,,0,0,50,,,Central Marsabit,,,,,
1038,7,,,,I don't know,1,,,,,.a,.a,.a,,,Central Marsabit,,,,,
1043,2,,1,Jan-Feb current year,,1,976,No,,,0,0,20,,,,,,,,
1043,4,0,1,Aug-Sept current year,,1,880,No,,,0,0,20,Central and Gadamoji,,,,,,,
1045,2,,1,Jan-Feb current year,,3,1950,Yes,60%,,10,0,0,,,,,,,,
1047,2,,1,Jan-Feb current year,,1,975,No,,,2,0,0,,,,,,,,
1047,3,0,1,Aug-Sept current year,,1,1600,,,,4,0,0,Central and Gadamoji,,,,,,,
1047,4,0,1,Aug-Sept current year,,1,1440,No,,,3,0,0,Central and Gadamoji,,,,,,,
1047,7,,,,I don't know,1,,,,,2,0,2,,,Central Marsabit,,,,,
2001,2,,1,Jan-Feb current year,,1,2925,Yes,40%,,10,0,0,,,,,,,,
2001,3,0,1,Jan-Feb current year,,1,2944,,,,10,0,0,Central and Gadamoji,,,,No,,,
2001,4,0,1,Aug-Sept current year,,1,0,No,,,9,0,0,Central and Gadamoji,,,,,,,
2001,7,,,,I don't know,1,,,,,10,0,0,,,Central Marsabit,,,,,
2002,2,,1,Jan-Feb current year,,1,2196,Yes,50%,,9,0,0,,,,,,,,
2002,7,,,,Jan/Feb 2010,1,,,,,13,7,50,,,Central Marsabit,,,,,
2002,7,,,,Jan/Feb 2011,1,,,,,13,7,50,,,Central Marsabit,,,,,
2003,2,,1,Jan-Feb current year,,1,2438,Yes,50%,,10,0,0,,,,,,,,
2003,7,,,,Jan/Feb 2010,1,,,,,6,0,20,,,Central Marsabit,,,,,
2004,2,,1,Jan-Feb current year,,1,1950,No,,,4,0,0,,,,,,,,
2004,7,,,,Jan/Feb 2010,1,,,,,5,0,15,,,Gadamoji,,,,,
2005,5,0,1,Aug-Sept current year,,1,3100,,,Yes,7,0,2,Central and Gadamoji,,,15%,,,,
2007,2,,1,Jan-Feb current year,,1,14624,Yes,50%,,60,0,0,,,,,,,,
2007,7,,,,Aug/Sept 2012,1,,,,,10,0,10,,,Central Marsabit,,,,,
2009,2,,1,Jan-Feb current year,,1,975,No,,,2,0,0,,,,,,,,
2009,5,0,1,Jan-Feb current year,,1,900,,,Yes,2,0,0,Central and Gadamoji,,,15%,,,,
2009,7,,,,I don't know,1,,,,,9,0,0,,,Central Marsabit,,,,,
2011,2,,1,Jan-Feb current year,,2,4387,No,,,9,0,0,,,,,,,,
2011,5,0,1,Jan-Feb current year,,2,5500,,,No,9,0,0,Central and Gadamoji,,,I don't know,,,,
2011,7,,,,I don't know,2,,,,,9,0,0,,,Gadamoji,,,,,
2012,2,,1,Jan-Feb current year,,1,3900,No,,,4,0,0,,,,,,,,
2013,2,,1,Jan-Feb current year,,3,1950,Yes,60%,,10,0,0,,,,,,,,
2013,3,0,1,Jan-Feb current year,,1,3444,,,Yes,6,0,0,Maikona,,,,No,,,
2015,2,,1,Jan-Feb current year,,97,4388,Yes,40%,,15,0,0,,,,,,,,
2015,7,,,,I don't know,1,,,,,15,0,0,,,Central Marsabit,,,,,
2016,2,,1,Jan-Feb current year,,1,975,No,,,2,0,0,,,,,,,,
2016,7,,,,Jan/Feb 2010,1,,,,,5,0,0,,,Gadamoji,,,,,
2017,2,,1,Jan-Feb current year,,1,4387,No,,,9,0,0,,,,,,,,
2017,7,,,,Aug/Sept 2015,1,,,,,9,0,0,,,Central Marsabit,,,,,
2018,7,,,,Aug/Sept 2010,1,,,,,3,0,0,,,Central Marsabit,,,,,
2019,2,,1,Jan-Feb current year,,2,1950,Yes,60%,,10,0,0,,,,,,,,
2020,2,,1,Jan-Feb current year,,1,1,No,,,2,0,0,,,,,,,,
2020,7,,,,Jan/Feb 2010,1,,,,,3,0,0,,,Gadamoji,,,,,
2021,2,,1,Jan-Feb current year,,1,2437,No,,,5,0,0,,,,,,,,
2022,7,,,,Jan/Feb 2012,2,,,,,7,1,80,,,Central Marsabit,,,,,
2022,7,,,,Jan/Feb 2013,2,,,,,6,0,70,,,Central Marsabit,,,,,
2023,2,,1,Jan-Feb current year,,2,2730,Yes,20%,,7,0,0,,,,,,,,
2023,3,0,1,Jan-Feb current year,,2,975,,,No,2,0,0,Central and Gadamoji,,,,No,,,
2023,5,0,1,Jan-Feb current year,,2,4000,,,Yes,6,0,0,Central and Gadamoji,,,I don't know,,,,
2023,5,0,2,Aug-Sept current year,,2,1400,,,Yes,3,0,0,Central and Gadamoji,,,I don't know,,,,
2023,7,,,,Jan/Feb 2010,1,,,,,5,0,0,,,Central Marsabit,,,,,
2023,7,,,,Jan/Feb 2011,1,,,,,5,0,0,,,Central Marsabit,,,,,
2024,5,0,1,.b,,.b,.b,,,.b,.b,.b,.b,.b,,,.b,,,,
2024,5,0,2,.b,,.b,.b,,,.b,.b,.b,.b,.b,,,.b,,,,
2024,7,,,,I don't know,1,,,,,7,0,5,,,Gadamoji,,,,,
2025,2,,1,Jan-Feb current year,,2,1219,Yes,50%,,5,0,0,,,,,,,,
2025,3,0,1,Jan-Feb current year,,1,878,,,Yes,2,0,0,Central and Gadamoji,,,,No,,,
2025,7,,,,Aug/Sept 2015,3,,,,,3,0,0,,,Central Marsabit,,,,,
2025,7,,,,Aug/Sept 2015,3,,,,,3,0,0,,,Uran,,,,,
2026,2,,1,Jan-Feb current year,,2,1700,Yes,30%,,5,0,0,,,,,,,,
2027,2,,1,Jan-Feb current year,,1,2973,Yes,I don't know,,1,0,0,,,,,,,,
2027,3,0,1,Aug-Sept current year,,1,683,,,Yes,2,0,0,Central and Gadamoji,,,,,,,
2027,7,,,,Aug/Sept 2010,1,,,,,3,0,0,,,Gadamoji,,,,,
2028,2,,1,Jan-Feb current year,,1,1950,Yes,50%,,8,0,0,,,,,,,,
2028,7,,,,Aug/Sept 2015,1,,,,,1,0,2,,,Central Marsabit,,,,,
2029,2,,1,Jan-Feb current year,,1,2050,Yes,I don't know,,10,0,0,,,,,,,,
2029,3,0,1,Jan-Feb current year,,1,2050,,,No,10,0,0,Central and Gadamoji,,,,No,,,
2029,3,0,2,Aug-Sept current year,,1,2050,,,No,10,0,0,Central and Gadamoji,,,,,,,
2029,7,,,,I don't know,1,,,,,13,0,0,,,Gadamoji,,,,,
2030,7,,,,Jan/Feb 2015,1,,,,,0,0,20,,,Gadamoji,,,,,
2031,7,,,,I don't know,1,,,,,0,0,5,,,Central Marsabit,,,,,
2032,2,,1,Jan-Feb current year,,1,1200,Yes,I don't know,,3,0,0,,,,,,,,
2032,7,,,,I don't know,1,,,,,5,0,0,,,Gadamoji,,,,,
2034,7,,,,Aug/Sept 2012,1,,,,,50,0,10,,,Central Marsabit,,,,,
2036,7,,,,Jan/Feb 2012,1,,,,,30,0,50,,,Central Marsabit,,,,,
2038,2,,1,Jan-Feb current year,,1,1365,Yes,30%,,4,0,0,,,,,,,,
2038,7,,,,Aug/Sept 2015,2,,,,,6,0,6,,,Gadamoji,,,,,
2040,2,,1,Jan-Feb current year,,1,9019,Yes,10%,,20,0,0,,,,,,,,
2041,2,,1,Jan-Feb current year,,1,585,Yes,40%,,2,0,0,,,,,,,,
2042,2,,1,Jan-Feb current year,,1,488,No,,,1,0,0,,,,,,,,
2044,2,,1,Jan-Feb current year,,1,3412,No,,,7,0,0,,,,,,,,
2044,7,,,,Aug/Sept 2011,1,,,,,10,0,0,,,Central Marsabit,,,,,
2045,2,,1,Jan-Feb current year,,2,1950,Yes,50%,,10,0,0,,,,,,,,
2045,7,,,,I don't know,1,,,,,.a,0,.a,,,Central Marsabit,,,,,
2046,3,0,1,Jan-Feb current year,,1,1950,,,,4,0,0,Central and Gadamoji,,,,Yes,5,November,6600
2046,7,,,,Jan/Feb 2011,2,,,,,.a,.a,.a,,,Central Marsabit,,,,,
2046,7,,,,Jan/Feb 2012,2,,,,,.a,.a,.a,,,Central Marsabit,,,,,
2046,7,,,,Jan/Feb 2013,2,,,,,.a,.a,.a,,,Central Marsabit,,,,,
2046,7,,,,,2,,,,,.a,.a,.a,,,Central Marsabit,,,,,
2051,2,,1,Jan-Feb current year,,4,1962,Yes,20%,,5,0,0,,,,,,,,
2051,7,,,,I don't know,3,,,,,0,0,1,,,Central Marsabit,,,,,
2052,2,,1,Jan-Feb current year,,1,1950,Yes,20%,,5,0,0,,,,,,,,
2052,5,0,1,Jan-Feb current year,,1,400,,,No,4,0,0,Central and Gadamoji,,,15%,,,,
2053,2,,1,Jan-Feb current year,,2,2440,No,,,5,0,0,,,,,,,,
2053,7,,,,Aug/Sept 2010,1,,,,,10,0,0,,,Gadamoji,,,,,
2054,7,,,,Aug/Sept 2015,1,,,,,3,0,0,,,Central Marsabit,,,,,
2055,2,,1,Jan-Feb current year,,2,.a,I don't know,I don't know,,98,.a,.a,,,,,,,,
2056,2,,1,Jan-Feb current year,,2,2193,Yes,10%,,5,0,0,,,,,,,,
2056,4,0,1,Aug-Sept current year,,1,2000,No,,,5,0,0,Central and Gadamoji,,,,,,,
2056,7,,,,Aug/Sept 2016,1,,,,,5,1,5,,,Central Marsabit,,,,,
2056,7,,,,Aug/Sept 2017,1,,,,,3,1,5,,,Central Marsabit,,,,,
2056,7,,,,Aug/Sept 2018,1,,,,,3,1,6,,,Central Marsabit,,,,,
2057,2,,1,Jan-Feb current year,,1,1950,Yes,20%,,5,0,0,,,,,,,,
2057,3,1,1,Jan-Feb current year,,1,1755,,,Yes,3,0,0,Central and Gadamoji,,,,No,,,
2060,5,0,1,Jan-Feb current year,,1,3500,,,No,2,0,0,Central and Gadamoji,,,I don't know,,,,
2060,7,,,,Jan/Feb 2010,1,,,,,5,0,0,,,Gadamoji,,,,,
2061,2,,1,Jan-Feb current year,,1,2437,Yes,I don't know,,5,0,0,,,,,,,,
2061,5,0,1,Jan-Feb current year,,1,1500,,,Yes,3,0,0,Central and Gadamoji,,,I don't know,,,,
2062,2,,1,Jan-Feb current year,,.b,.b,No,,,.b,.b,.b,,,,,,,,
2065,2,,1,Jan-Feb current year,,.b,.b,No,,,.b,.b,.b,,,,,,,,
2066,2,,1,Jan-Feb current year,,1,1950,No,,,4,0,0,,,,,,,,
2066,4,0,1,Aug-Sept current year,,1,2000,No,,,0,0,4,Central and Gadamoji,,,,,,,
2067,2,,1,Jan-Feb current year,,.b,.b,Yes,30%,,.b,.b,.b,,,,,,,,
2067,7,,,,Jan/Feb 2010,1,,,,,4,0,0,,,Gadamoji,,,,,
2068,2,,1,Jan-Feb current year,,1,4400,Yes,10%,,10,0,0,,,,,,,,
2068,7,,,,Jan/Feb 2011,1,,,,,10,0,0,,,Gadamoji,,,,,
2069,2,,1,Jan-Feb current year,,2,488,No,,,1,0,0,,,,,,,,
2069,3,0,1,Jan-Feb current year,,1,488,,,Yes,1,0,0,Central and Gadamoji,,,,No,,,
2070,2,,1,Jan-Feb current year,,1,.a,Yes,30%,,98,.a,.a,,,,,,,,
2071,2,,1,Jan-Feb current year,,1,1100,Yes,60%,,4,0,0,,,,,,,,
2072,2,,1,Jan-Feb current year,,2,1460,Yes,30%,,3,0,0,,,,,,,,
2072,7,,,,I don't know,2,,,,,3,0,0,,,Gadamoji,,,,,
2072,7,,,,Jan/Feb 2014,2,,,,,4,0,0,,,Gadamoji,,,,,
2073,2,,1,Jan-Feb current year,,1,.a,Yes,20%,,98,.a,.a,,,,,,,,
2074,2,,1,Jan-Feb current year,,1,.a,Yes,I don't know,,98,.a,.a,,,,,,,,
2076,2,,1,Jan-Feb current year,,1,975,No,,,2,0,0,,,,,,,,
2076,7,,,,Aug/Sept 2012,1,,,,,10,0,8,,,Central Marsabit,,,,,
2077,2,,1,Jan-Feb current year,,2,1950,Yes,60%,,10,0,0,,,,,,,,
2078,3,0,1,Jan-Feb current year,,1,878,,,Yes,3,0,0,Central and Gadamoji,,,,No,,,
2078,3,0,2,Aug-Sept current year,,1,878,,,Yes,3,0,0,Central and Gadamoji,,,,,,,
2078,5,0,1,Jan-Feb current year,,1,849,,,No,3,0,0,Central and Gadamoji,,,15%,,,,
2078,5,0,2,Aug-Sept current year,,1,973,,,Yes,3,0,0,Central and Gadamoji,,,10%,,,,
2078,7,,,,Aug/Sept 2013,1,,,,,3,0,5,,,Central Marsabit,,,,,
2079,2,,1,Jan-Feb current year,,2,1950,Yes,50%,,10,0,0,,,,,,,,
2079,3,0,1,Jan-Feb current year,,1,1950,,,,4,0,0,Central and Gadamoji,,,,Yes,2,November,6600
2079,7,,,,Jan/Feb 2015,1,,,,,2,0,5,,,Gadamoji,,,,,
2081,2,,1,Jan-Feb current year,,1,1709,Yes,30%,,5,0,0,,,,,,,,
2081,3,1,1,Jan-Feb current year,,1,1970,,,Yes,3,0,0,Central and Gadamoji,,,,Yes,24,October,4950
2082,2,,1,Jan-Feb current year,,1,2438,Yes,50%,,10,0,0,,,,,,,,
2082,7,,,,Jan/Feb 2010,1,,,,,4,0,0,,,Gadamoji,,,,,
2082,7,,,,Aug/Sept 2010,1,,,,,4,0,0,,,Gadamoji,,,,,
2083,2,,1,Jan-Feb current year,,1,975,No,,,2,0,0,,,,,,,,
2083,3,0,1,Jan-Feb current year,,1,970,,,Yes,2,0,0,Central and Gadamoji,,,,Yes,24,October,3300
2083,3,0,2,Aug-Sept current year,,1,300,,,Yes,1,0,0,Central and Gadamoji,,,,,,,
2084,2,,1,Jan-Feb current year,,1,1950,Yes,50%,,10,0,0,,,,,,,,
2084,3,0,1,Jan-Feb current year,,1,4800,,,Yes,10,0,0,Central and Gadamoji,,,,Yes,24,October,16600
2084,4,0,1,Aug-Sept current year,,1,1950,No,,,10,3,0,Central and Gadamoji,,,,,,,
2084,7,,,,I don't know,1,,,,,10,2,0,,,Gadamoji,,,,,
2086,2,,1,Jan-Feb current year,,1,1463,No,,,3,0,0,,,,,,,,
2086,3,0,1,Jan-Feb current year,,1,1000,,,,2,0,0,Central and Gadamoji,,,,Yes,7,October,3300
2086,3,0,2,Aug-Sept current year,,1,781,,,Yes,2,0,0,Central and Gadamoji,,,,,,,
2088,2,,1,Jan-Feb current year,,1,4484,Yes,40%,,12,0,0,,,,,,,,
2088,3,1,1,Jan-Feb current year,,1,878,,,Yes,3,0,0,Central and Gadamoji,,,,Yes,24,October,4950
2089,2,,1,Jan-Feb current year,,1,2047,Yes,40%,,7,0,0,,,,,,,,
2089,3,1,1,Jan-Feb current year,,1,1465,,,Yes,7,0,0,Central and Gadamoji,,,,Yes,24,October,11500
2090,2,,1,Jan-Feb current year,,2,1950,Yes,60%,,10,0,0,,,,,,,,
2090,3,0,1,Jan-Feb current year,,1,.b,,,Yes,5,0,0,Central and Gadamoji,,,,Yes,24,October,8250
2090,7,,,,Aug/Sept 2010,1,,,,,.a,0,.a,,,Central Marsabit,,,,,
2091,2,,1,Jan-Feb current year,,2,1950,Yes,20%,,5,0,0,,,,,,,,
2091,7,,,,Aug/Sept 2015,1,,,,,10,0,0,,,Central Marsabit,,,,,
2093,2,,1,Jan-Feb current year,,2,1706,Yes,30%,,5,0,0,,,,,,,,
2093,7,,,,Jan/Feb 2015,1,,,,,3,0,2,,,Central Marsabit,,,,,
2094,2,,1,Jan-Feb current year,,1,1950,Yes,20%,,5,0,0,,,,,,,,
2094,3,0,1,Jan-Feb current year,,1,1950,,,Yes,5,0,0,Central and Gadamoji,,,,Yes,24,October,3300
2094,3,0,2,Aug-Sept current year,,1,900,,,Yes,2,0,0,Central and Gadamoji,,,,,,,
2097,2,,1,Jan-Feb current year,,1,390,Yes,60%,,2,0,0,,,,,,,,
2097,3,1,1,Jan-Feb current year,,1,585,,,Yes,2,0,0,Central and Gadamoji,,,,Yes,24,October,3300
2097,7,,,,I don't know,2,,,,,1,0,0,,,Gadamoji,,,,,
2100,2,,1,Jan-Feb current year,,97,975,No,,,2,0,0,,,,,,,,
2100,7,,,,I don't know,2,,,,,5,0,0,,,Gadamoji,,,,,
2100,7,,,,I don't know,3,,,,,5,0,0,,,Gadamoji,,,,,
2102,2,,1,Jan-Feb current year,,1,975,No,,,2,0,0,,,,,,,,
2102,5,0,1,Aug-Sept current year,,1,1207,,,No,2,0,0,Central and Gadamoji,,,15%,,,,
2102,7,,,,I don't know,4,,,,,3,0,0,,,Central Marsabit,,,,,
2106,5,0,1,Jan-Feb current year,,1,3000,,,No,0,0,3000,Central and Gadamoji,,,I don't know,,,,
2106,7,,,,Aug/Sept 2010,1,,,,,8,0,0,,,Gadamoji,,,,,
2111,5,0,1,Jan-Feb current year,,1,950,,,No,2,0,0,Central and Gadamoji,,,I don't know,,,,
2111,7,,,,I don't know,1,,,,,3,0,0,,,Gadamoji,,,,,
2126,7,,,,Jan/Feb 2010,1,,,,,2,0,0,,,Gadamoji,,,,,
3001,3,0,1,Aug-Sept current year,,1,390,,,Yes,2,0,0,Central and Gadamoji,,,,,,,
3002,3,0,1,Jan-Feb current year,,1,480,,,No,2,0,0,Central and Gadamoji,,,,No,,,
3005,3,0,1,Jan-Feb current year,,1,400,,,,2,0,0,Central and Gadamoji,,,,No,,,
3006,3,0,1,Aug-Sept current year,,1,900,,,Yes,2,0,10,Central and Gadamoji,,,,,,,
3007,3,1,1,Aug-Sept current year,,1,975,,,,2,0,0,Central and Gadamoji,,,,,,,
3007,5,0,1,Jan-Feb current year,,1,2700,,,No,2,0,0,Central and Gadamoji,,,I don't know,,,,
3007,7,,,,I don't know,1,,,,,10,0,0,,,Central Marsabit,,,,,
3008,2,,1,Jan-Feb current year,,1,9800,No,,,10,0,0,,,,,,,,
3008,3,0,1,Jan-Feb current year,,1,4880,,,,10,0,0,Central and Gadamoji,,,,Yes,7,October,16000
3008,4,0,1,Aug-Sept current year,,1,4485,Yes,I don't know,,10,0,0,Central and Gadamoji,,,,,,,
3008,5,0,1,Aug-Sept current year,,1,12720,,,No,10,0,0,Central and Gadamoji,,,10%,,,,
3012,5,0,1,Jan-Feb current year,,1,563,,,Yes,0,0,4,Central and Gadamoji,,,15%,,,,
3013,2,,1,Jan-Feb current year,,2,488,No,,,1,0,0,,,,,,,,
3015,3,0,1,Aug-Sept current year,,1,250,,,Yes,1,0,0,Central and Gadamoji,,,,,,,
3015,7,,,,Jan/Feb 2015,1,,,,,3,0,0,,,Central Marsabit,,,,,
3016,3,1,1,Aug-Sept current year,,1,390,,,Yes,1,0,0,Central and Gadamoji,,,,,,,
3018,5,0,1,Aug-Sept current year,,1,970,,,Yes,1,0,0,Central and Gadamoji,,,15%,,,,
3019,3,0,1,Aug-Sept current year,,1,488,,,No,1,0,0,Central and Gadamoji,,,,,,,
3020,5,0,1,Aug-Sept current year,,2,1700,,,Yes,1,0,0,Central and Gadamoji,,,10%,,,,
3021,3,0,1,Jan-Feb current year,,1,950,,,No,2,0,0,Central and Gadamoji,,,,No,,,
3022,3,0,1,Aug-Sept current year,,1,300,,,Yes,1,0,0,Central and Gadamoji,,,,,,,
3022,4,0,1,Aug-Sept current year,,1,1050,No,,,1,0,0,Central and Gadamoji,,,,,,,
3023,5,0,1,Aug-Sept current year,,1,4000,,,Yes,7,0,0,Central and Gadamoji,,,10%,,,,
3023,7,,,,I don't know,3,,,,,.a,0,.a,,,Central Marsabit,,,,,
3024,5,0,1,Aug-Sept current year,,1,1800,,,Yes,1,0,0,Central and Gadamoji,,,I don't know,,,,
3026,3,1,1,Jan-Feb current year,,1,488,,,Yes,2,0,0,Central and Gadamoji,,,,Yes,24,October,3300
3026,4,0,1,Aug-Sept current year,,1,800,Yes,30%,,2,0,0,Central and Gadamoji,,,,,,,
3027,3,0,1,Jan-Feb current year,,1,488,,,,1,0,0,Central and Gadamoji,,,,Yes,24,October,1500
3027,3,0,2,Aug-Sept current year,,1,340,,,Yes,1,0,0,Central and Gadamoji,,,,,,,
3027,4,0,1,Aug-Sept current year,,1,400,No,,,1,0,0,Central and Gadamoji,,,,,,,
3027,5,0,1,Aug-Sept current year,,1,400,,,Yes,1,0,0,Central and Gadamoji,,,15%,,,,
3027,7,,,,Aug/Sept 2014,1,,,,,1,0,4,,,Central Marsabit,,,,,
3028,2,,1,Jan-Feb current year,,1,.b,Yes,10%,,2,0,3,,,,,,,,
3029,2,,1,Jan-Feb current year,,2,2440,No,,,5,0,0,,,,,,,,
3029,7,,,,Jan/Feb 2011,1,,,,,10,0,15,,,Central Marsabit,,,,,
3029,7,,,,Jan/Feb 2012,1,,,,,10,0,15,,,Central Marsabit,,,,,
3029,7,,,,Jan/Feb 2013,1,,,,,8,0,12,,,Central Marsabit,,,,,
3029,7,,,,Jan/Feb 2014,1,,,,,8,0,10,,,Central Marsabit,,,,,
3035,5,0,1,Aug-Sept current year,,1,3000,,,Yes,2,0,0,Central and Gadamoji,,,I don't know,,,,
3035,7,,,,Jan/Feb 2010,1,,,,,0,0,5,,,Central Marsabit,,,,,
4001,7,,,,I don't know,1,,,,,3,4,30,,,Central Marsabit,,,,,
4002,2,,1,Jan-Feb current year,,1,1733,Yes,30%,,0,0,30,,,,,,,,
4004,2,,1,Jan-Feb current year,,2,3000,Yes,I don't know,,0,0,100,,,,,,,,
4004,3,0,1,Aug-Sept current year,,2,2000,,,Yes,0,0,100,Maikona,,,,,,,
4004,5,0,1,Jan-Feb current year,,1,3500,,,No,0,0,100,Maikona,,,15%,,,,
4005,3,0,1,Aug-Sept current year,,1,886,,,Yes,1,0,210,Maikona,,,,,,,
4010,7,,,,Aug/Sept 2011,1,,,,,0,17,60,,,Central Marsabit,,,,,
4020,7,,,,Aug/Sept 2015,1,,,,,0,5,20,,,Central Marsabit,,,,,
4021,2,,1,Jan-Feb current year,,1,2475,Yes,40%,,0,0,50,,,,,,,,
4037,5,0,1,Jan-Feb current year,,1,1000,,,No,0,1,0,Maikona,,,I don't know,,,,
4038,7,,,,I don't know,2,,,,,0,.a,.a,,,Central Marsabit,,,,,
4044,2,,1,Jan-Feb current year,,1,1400,Yes,10%,,0,0,10,,,,,,,,
4044,3,0,1,Aug-Sept current year,,1,1000,,,Yes,0,0,12,Maikona,,,,,,,
4044,7,,,,I don't know,1,,,,,.a,.a,.a,,,Central Marsabit,,,,,
4048,2,,1,Jan-Feb current year,,1,1650,No,,,0,0,50,,,,,,,,
4051,2,,1,Jan-Feb current year,,1,2063,Yes,50%,,0,0,50,,,,,,,,
4051,3,0,1,Jan-Feb current year,,1,280,,,Yes,0,0,50,Maikona,,,,No,,,
4051,3,0,2,Aug-Sept current year,,1,1000,,,Yes,1,0,2,Maikona,,,,,,,
4052,7,,,,I don't know,1,,,,,10,0,50,,,Central Marsabit,,,,,
4053,3,0,1,Aug-Sept current year,,2,2000,,,Yes,2,0,5,Maikona,,,,,,,
4054,7,,,,I don't know,1,,,,,5,8,30,,,Central Marsabit,,,,,
4056,2,,1,Jan-Feb current year,,1,998,Yes,I don't know,,98,.a,.a,,,,,,,,
4076,2,,1,Jan-Feb current year,,2,1150,Yes,I don't know,,0,0,20,,,,,,,,
4076,5,1,1,Jan-Feb current year,,1,.b,,,Yes,0,0,10,Maikona,,,15%,,,,
4076,7,,,,Jan/Feb 2012,1,,,,,0,5,20,,,Central Marsabit,,,,,
4079,5,0,1,Jan-Feb current year,,1,450,,,Yes,0,0,20,Maikona,,,I don't know,,,,
4079,7,,,,Jan/Feb 2014,1,,,,,0,5,20,,,Central Marsabit,,,,,
4079,7,,,,Aug/Sept 2016,1,,,,,0,5,30,,,Central Marsabit,,,,,
4082,3,0,1,Aug-Sept current year,,1,5000,,,No,2,4,5,Maikona,,,,,,,
4086,3,0,1,Jan-Feb current year,,1,1500,,,Yes,0,3,0,Maikona,,,,No,,,
4086,4,0,1,Aug-Sept current year,,1,5000,Yes,20%,,0,20,20,Maikona,,,,,,,
4087,7,,,,Jan/Feb 2012,1,,,,,0,2,15,,,Central Marsabit,,,,,
5001,2,,1,Jan-Feb current year,,1,413,Yes,50%,,0,0,10,,,,,,,,
5001,3,0,1,Jan-Feb current year,,1,413,,,Yes,0,0,10,Maikona,,,,No,,,
5002,2,,1,Jan-Feb current year,,3,825,Yes,I don't know,,0,0,10,,,,,,,,
5002,4,0,1,Aug-Sept current year,,2,800,No,,,0,0,10,North Horr,,,,,,,
5002,7,,,,Aug/Sept 2011,2,,,,,0,5,0,,,Maikona,,,,,
5005,2,,1,Jan-Feb current year,,2,1500,Yes,I don't know,,0,0,20,,,,,,,,
5005,3,0,1,Jan-Feb current year,,1,1700,,,Yes,0,0,15,Maikona,,,,No,,,
5005,3,0,2,Aug-Sept current year,,1,500,,,Yes,0,0,15,Maikona,,,,,,,
5008,2,,1,Jan-Feb current year,,1,825,No,,,0,0,10,,,,,,,,
5008,4,0,1,Aug-Sept current year,,1,800,Yes,20%,,0,0,4200,North Horr,,,,,,,
5009,4,0,1,Aug-Sept current year,,2,660,Yes,10%,,0,0,20,North Horr,,,,,,,
5009,5,0,1,Jan-Feb current year,,1,1500,,,Yes,4,3,20,Maikona,,,15%,,,,
5010,2,,1,Jan-Feb current year,,1,1000,Yes,I don't know,,0,0,15,,,,,,,,
5013,2,,1,Jan-Feb current year,,3,825,Yes,I don't know,,0,0,10,,,,,,,,
5013,5,0,1,Jan-Feb current year,,1,800,,,No,2,0,0,Maikona,,,15%,,,,
5016,2,,1,Jan-Feb current year,,1,990,Yes,40%,,2,0,15,,,,,,,,
5016,3,0,1,Jan-Feb current year,,1,2700,,,Yes,2,0,14,Maikona,,,,No,,,
5016,5,0,1,Jan-Feb current year,,2,400,,,Yes,10,0,0,Maikona,,,15%,,,,
5016,5,0,2,Aug-Sept current year,,2,800,,,Yes,10,0,0,Maikona,,,10%,,,,
5019,2,,1,Jan-Feb current year,,2,1000,Yes,I don't know,,0,0,15,,,,,,,,
5019,7,,,,I don't know,3,,,,,5,1,10,,,Maikona,,,,,
5021,2,,1,Jan-Feb current year,,1,1880,Yes,I don't know,,2,0,10,,,,,,,,
5021,4,0,1,Aug-Sept current year,,1,3000,Yes,20%,,0,0,10,North Horr,,,,,,,
5021,5,0,1,Jan-Feb current year,,1,850,,,No,1,0,0,Maikona,,,15%,,,,
5021,7,,,,Aug/Sept 2015,1,,,,,3,5,15,,,Maikona,,,,,
5021,7,,,,,1,,,,,3,5,15,,,Maikona,,,,,
5022,5,0,1,Jan-Feb current year,,1,830,,,Yes,0,1,3,Maikona,,,15%,,,,
5022,7,,,,Jan/Feb 2016,2,,,,,3,1,20,,,Maikona,,,,,
5024,2,,1,Jan-Feb current year,,1,.b,.b,,,.b,.b,.b,,,,,,,,
5024,3,1,1,Jan-Feb current year,,2,2000,,,Yes,0,1,10,Maikona,,,,No,,,
5024,4,0,1,Aug-Sept current year,,1,2000,Yes,20%,,0,1,10,North Horr,,,,,,,
5027,2,,1,Jan-Feb current year,,.b,.b,Yes,I don't know,,.b,.b,.b,,,,,,,,
5030,2,,1,Jan-Feb current year,,2,1200,Yes,I don't know,,1,1,10,,,,,,,,
5030,3,0,1,Jan-Feb current year,,1,600,,,Yes,0,0,10,Maikona,,,,No,,,
5030,4,0,1,Aug-Sept current year,,1,3400,No,,,2,2,10,North Horr,,,,,,,
5030,5,0,1,Jan-Feb current year,,1,2600,,,No,2,2,10,Maikona,,,15%,,,,
5031,2,,1,Jan-Feb current year,,2,743,Yes,10%,,0,0,10,,,,,,,,
5031,4,0,1,Aug-Sept current year,,1,1550,Yes,I don't know,,0,0,10,North Horr,,,,,,,
5031,6,0,1,Jan-Feb current year,,2,500,,,,0,0,5,,Maikona,,,,,,
5034,2,,1,Jan-Feb current year,,1,852,Yes,I don't know,,0,0,10,,,,,,,,
5037,2,,1,Jan-Feb current year,,2,825,Yes,I don't know,,0,0,10,,,,,,,,
5037,3,1,1,Jan-Feb current year,,1,720,,,Yes,0,0,10,Maikona,,,,No,,,
5037,4,0,1,Aug-Sept current year,,1,750,Yes,50%,,0,0,10,North Horr,,,,,,,
5037,6,0,1,Jan-Feb current year,,11,220,,,,0,0,2,,Maikona,,,,,,
5037,7,,,,Aug/Sept 2011,3,,,,,0,1,0,,,Other,,,,,
5037,7,,,,Jan/Feb 2015,3,,,,,0,0,5,,,Other,,,,,
5043,2,,1,Jan-Feb current year,,2,1650,Yes,I don't know,,0,0,20,,,,,,,,
5045,2,,1,Jan-Feb current year,,2,413,Yes,50%,,0,0,10,,,,,,,,
5045,4,0,1,Aug-Sept current year,,1,800,Yes,50%,,0,0,20,North Horr,,,,,,,
5046,2,,1,Jan-Feb current year,,20,400,Yes,I don't know,,0,0,15,,,,,,,,
5046,4,0,1,Aug-Sept current year,,1,500,Yes,10%,,0,0,10,North Horr,,,,,,,
5047,2,,1,Jan-Feb current year,,1,825,Yes,I don't know,,0,0,10,,,,,,,,
5047,3,0,1,Jan-Feb current year,,1,660,,,Yes,0,0,10,Maikona,,,,No,,,
5050,2,,1,Jan-Feb current year,,2,700,Yes,I don't know,,0,0,14,,,,,,,,
5050,7,,,,I don't know,2,,,,,0,0,8,,,Maikona,,,,,
5051,4,0,1,Aug-Sept current year,,1,800,Yes,20%,,0,1,5,North Horr,,,,,,,
5052,2,,1,Jan-Feb current year,,1,.a,I don't know,I don't know,,0,0,10,,,,,,,,
5052,3,0,1,Jan-Feb current year,,1,825,,,Yes,0,0,10,Maikona,,,,No,,,
5053,2,,1,Jan-Feb current year,,2,825,No,,,0,0,10,,,,,,,,
5054,2,,1,Jan-Feb current year,,2,825,No,,,0,0,10,,,,,,,,
5054,3,0,1,Jan-Feb current year,,1,825,,,Yes,0,0,20,Maikona,,,,No,,,
5054,3,0,2,Aug-Sept current year,,1,825,,,Yes,0,0,10,Maikona,,,,,,,
5054,4,0,1,Aug-Sept current year,,1,825,Yes,I don't know,,0,0,10,Maikona,,,,,,,
5054,5,0,1,Aug-Sept current year,,1,435,,,Yes,0,0,10,Maikona,,,10%,,,,
5054,6,0,1,Jan-Feb current year,,1,825,,,,0,0,5,,Maikona,,,,,,
5054,7,,,,I don't know,1,,,,,0,0,10,,,Maikona,,,,,
5055,3,0,1,Jan-Feb current year,,8,4974,,,,1,1,35,North Horr,,,,No,,,
5055,5,0,1,Jan-Feb current year,,1,770,,,No,0,0,10,Maikona,,,15%,,,,
5055,5,0,2,Jan-Feb current year,,8,830,,,No,0,0,10,Maikona,,,I don't know,,,,
5055,7,,,,Aug/Sept 2011,1,,,,,0,3,20,,,Other,,,,,
5055,7,,,,Jan/Feb 2015,1,,,,,0,2,10,,,Other,,,,,
5056,2,,1,Jan-Feb current year,,1,4950,No,,,3,0,30,,,,,,,,
5056,3,0,1,Jan-Feb current year,,1,4970,,,Yes,2,0,10,Maikona,,,,No,,,
5056,5,0,1,Jan-Feb current year,,1,4080,,,No,2,1,10,Maikona,,,15%,,,,
5061,2,,1,Jan-Feb current year,,1,460,Yes,60%,,0,0,20,,,,,,,,
5061,3,0,1,Jan-Feb current year,,1,625,,,,0,0,20,North Horr,,,,No,,,
5061,3,0,2,Aug-Sept current year,,1,450,,,,0,0,10,North Horr,,,,,,,
5061,4,0,1,Aug-Sept current year,,1,800,Yes,20%,,0,0,20,North Horr,,,,,,,
5066,2,,1,Jan-Feb current year,,1,900,Yes,I don't know,,0,0,12,,,,,,,,
5069,2,,1,Jan-Feb current year,,1,825,No,,,.b,.b,10,,,,,,,,
5073,7,,,,I don't know,1,,,,,30,0,50,,,Maikona,,,,,
5075,2,,1,Jan-Feb current year,,1,825,No,,,0,0,10,,,,,,,,
5075,3,0,1,Aug-Sept current year,,1,700,,,Yes,0,0,10,Maikona,,,,,,,
5086,2,,1,Jan-Feb current year,,2,825,No,,,0,0,10,,,,,,,,
5086,7,,,,Jan/Feb 2016,1,,,,,0,0,10,,,Maikona,,,,,
5089,5,0,1,Jan-Feb current year,,1,990,,,Yes,0,0,11,Maikona,,,15%,,,,
6001,2,,1,Jan-Feb current year,,1,1320,Yes,I don't know,,0,0,20,,,,,,,,
6007,2,,1,Jan-Feb current year,,1,570,Yes,I don't know,,0,0,10,,,,,,,,
6008,2,,1,Jan-Feb current year,,1,660,Yes,20%,,0,0,10,,,,,,,,
6009,2,,1,Jan-Feb current year,,1,500,Yes,I don't know,,.b,.b,.b,,,,,,,,
6009,3,0,1,Jan-Feb current year,,4,2800,,,No,0,5,0,Maikona,,,,No,,,
6009,4,0,1,Aug-Sept current year,,4,2000,No,,,0,0,10,Maikona,,,,,,,
6011,7,,,,I don't know,1,,,,,0,10,40,,,Maikona,,,,,
6015,2,,1,Jan-Feb current year,,1,825,No,I don't know,,0,0,10,,,,,,,,
6015,3,0,1,Aug-Sept current year,,1,825,,,Yes,0,0,10,Maikona,,,,,,,
6015,5,0,1,.b,,.b,.b,,,.b,.b,.b,.b,.b,,,.b,,,,
6015,6,0,1,Jan-Feb current year,,1,825,,,,0,0,825,,Maikona,,,,,,
6019,2,,1,Jan-Feb current year,,2,1320,Yes,60%,,0,0,40,,,,,,,,
6020,3,0,1,Jan-Feb current year,,1,2500,,,,1,3,15,North Horr,,,,No,,,
6021,2,,1,Jan-Feb current year,,.b,825,Yes,50%,,0,0,20,,,,,,,,
6021,5,0,1,Jan-Feb current year,,1,1050,,,Yes,0,0,8,Maikona,,,I don't know,,,,
6021,7,,,,I don't know,2,,,,,0,0,10,,,Maikona,,,,,
6023,2,,1,Jan-Feb current year,,.b,660,Yes,I don't know,,0,0,10,,,,,,,,
6023,4,0,1,Aug-Sept current year,,1,1100,Yes,20%,,0,0,10,North Horr,,,,,,,
6024,2,,1,Jan-Feb current year,,1,825,No,,,0,0,10,,,,,,,,
6027,2,,1,Jan-Feb current year,,1,2888,Yes,30%,,5,0,0,,,,,,,,
6027,3,0,1,Aug-Sept current year,,1,1617,,,Yes,0,2,0,Maikona,,,,,,,
6027,4,0,1,Aug-Sept current year,,1,1650,No,,,1,0,10,Maikona,,,,,,,
6027,5,0,1,Jan-Feb current year,,1,3300,,,Yes,0,0,40,Maikona,,,15%,,,,
6027,6,0,1,Jan-Feb current year,,1,4200,,,,2,0,40,,Maikona,,,,,,
6027,6,0,2,Aug-Sept current year,,1,2200,,,,1,0,20,,Maikona,,,,,,
6028,3,0,1,Aug-Sept current year,,1,575,,,Yes,0,0,10,Maikona,,,,,,,
6028,5,0,1,Jan-Feb current year,,1,825,,,No,0,0,10,Maikona,,,15%,,,,
6030,2,,1,Jan-Feb current year,,1,825,Yes,I don't know,,0,0,16,,,,,,,,
6030,5,0,1,Jan-Feb current year,,1,825,,,Yes,0,0,10,Maikona,,,15%,,,,
6034,2,,1,Jan-Feb current year,,1,500,Yes,I don't know,,0,0,10,,,,,,,,
6034,7,,,,I don't know,1,,,,,2,0,10,,,Maikona,,,,,
6035,7,,,,I don't know,3,,,,,0,2,20,,,Other,,,,,
6036,2,,1,Jan-Feb current year,,2,495,Yes,40%,,0,0,10,,,,,,,,
6043,2,,1,Jan-Feb current year,,1,1129,Yes,I don't know,,0,1,15,,,,,,,,
6047,3,0,1,Aug-Sept current year,,1,1150,,,Yes,0,2,0,Maikona,,,,,,,
6047,5,0,1,Jan-Feb current year,,1,1155,,,No,0,0,40,Maikona,,,15%,,,,
6047,7,,,,Aug/Sept 2015,1,,,,,0,0,20,,,Other,,,,,
6049,2,,1,Jan-Feb current year,,99,1320,Yes,20%,,0,0,30,,,,,,,,
6050,2,,1,Jan-Feb current year,,1,990,Yes,60%,,0,0,30,,,,,,,,
6053,4,0,1,Aug-Sept current year,,1,800,Yes,60%,,0,0,20,North Horr,,,,,,,
6059,2,,1,Jan-Feb current year,,2,435,Yes,I don't know,,0,0,10,,,,,,,,
6059,3,0,1,Aug-Sept current year,,1,660,,,Yes,0,0,20,Maikona,,,,,,,
6060,2,,1,Jan-Feb current year,,2,578,Yes,I don't know,,0,0,10,,,,,,,,
6066,6,0,1,Aug-Sept current year,,2,100,,,,0,0,1,,Turbi,,,,,,
6067,7,,,,Aug/Sept 2010,3,,,,,0,2,0,,,Other,,,,,
6067,7,,,,Jan/Feb 2015,3,,,,,0,2,0,,,Other,,,,,
6069,6,0,1,Aug-Sept current year,,1,1100,,,,0,0,10,,Maikona,,,,,,
6079,5,0,1,.b,,.b,.b,,,.b,.b,.b,.b,.b,,,.b,,,,
6095,2,,1,Jan-Feb current year,,1,825,Yes,50%,,0,0,20,,,,,,,,
6095,7,,,,Aug/Sept 2011,1,,,,,0,2,0,,,Other,,,,,
6096,2,,1,Jan-Feb current year,,1,825,Yes,50%,,.b,.b,20,,,,,,,,
6096,7,,,,Jan/Feb 2010,1,,,,,0,0,20,,,Maikona,,,,,
6100,4,0,1,Aug-Sept current year,,1,400,No,,,2,0,0,Maikona,,,,,,,
6113,2,,1,Jan-Feb current year,,3,1980,Yes,40%,,2,0,20,,,,,,,,
6113,7,,,,I don't know,2,,,,,7,3,30,,,Maikona,,,,,
7002,3,0,1,Jan-Feb current year,,2,1300,,,Yes,0,0,20,Maikona,,,,No,,,
7002,4,0,1,Aug-Sept current year,,1,1300,Yes,20%,,0,0,20,Maikona,,,,,,,
7003,2,,1,Jan-Feb current year,,2,2650,Yes,I don't know,,.b,.b,50,,,,,,,,
7003,3,0,1,Jan-Feb current year,,2,2250,,,Yes,7,7,10,Maikona,,,,No,,,
7005,2,,1,Jan-Feb current year,,2,1500,Yes,10%,,0,0,20,,,,,,,,
7008,2,,1,Jan-Feb current year,,.b,.b,No,,,.b,.b,.b,,,,,,,,
7009,2,,1,Jan-Feb current year,,1,825,No,,,0,0,10,,,,,,,,
7009,3,0,1,Jan-Feb current year,,1,1650,,,Yes,0,0,50,Maikona,,,,No,,,
7009,3,0,2,Aug-Sept current year,,1,5775,,,Yes,0,0,100,Maikona,,,,,,,
7009,4,0,1,Aug-Sept current year,,1,5725,Yes,30%,,0,0,100,Maikona,,,,,,,
7010,2,,1,Jan-Feb current year,,2,10130,Yes,50%,,2,.b,100,,,,,,,,
7011,3,0,1,Aug-Sept current year,,1,660,,,Yes,0,0,20,Maikona,,,,,,,
7011,7,,,,I don't know,1,,,,,0,0,20,,,Turbi,,,,,
7012,2,,1,Jan-Feb current year,,1,0,Yes,40%,,0,0,20,,,,,,,,
7012,7,,,,Jan/Feb 2015,1,,,,,10,0,0,,,Turbi,,,,,
7019,2,,1,Jan-Feb current year,,2,2244,Yes,20%,,2,2,20,,,,,,,,
7019,7,,,,I don't know,2,,,,,10,0,0,,,Turbi,,,,,
7023,6,0,1,Aug-Sept current year,,2,200,,,,0,0,2,,Turbi,,,,,,
7024,2,,1,Jan-Feb current year,,2,5710,No,,,2,3,50,,,,,,,,
7024,4,0,1,Aug-Sept current year,,1,6000,Yes,20%,,0,2,10,Maikona,,,,,,,
7026,2,,1,Jan-Feb current year,,2,4224,No,,,0,0,50,,,,,,,,
7028,2,,1,Jan-Feb current year,,2,1325,Yes,60%,,0,0,40,,,,,,,,
7028,3,0,1,Jan-Feb current year,,2,1325,,,Yes,0,0,80,Maikona,,,,No,,,
7029,2,,1,Jan-Feb current year,,.b,.b,Yes,60%,,.b,.b,.b,,,,,,,,
7030,2,,1,Jan-Feb current year,,2,1415,Yes,I don't know,,0,1,20,,,,,,,,
7033,7,,,,Jan/Feb 2011,2,,,,,5,1,5,,,Turbi,,,,,
7035,2,,1,Jan-Feb current year,,1,8250,No,,,2,3,50,,,,,,,,
7035,3,0,1,Jan-Feb current year,,2,1980,,,Yes,5,0,5,Maikona,,,,No,,,
7036,2,,1,Jan-Feb current year,,1,825,No,,,0,0,10,,,,,,,,
7037,2,,1,Jan-Feb current year,,1,1500,Yes,I don't know,,.b,.b,.b,,,,,,,,
7039,2,,1,Jan-Feb current year,,1,3300,Yes,20%,,0,0,50,,,,,,,,
7039,3,0,1,Jan-Feb current year,,1,3518,,,Yes,0,0,50,Maikona,,,,No,,,
7043,2,,1,Jan-Feb current year,,3,2800,No,,,0,0,30,,,,,,,,
8002,3,0,1,Jan-Feb current year,,1,975,,,No,2,0,0,Central and Gadamoji,,,,No,,,
8002,5,0,1,.b,,.b,.b,,,.b,.b,.b,.b,.b,,,.b,,,,
8002,7,,,,I don't know,1,,,,,.a,.a,.a,,,Laisamis,,,,,
8005,4,0,1,Aug-Sept current year,,1,390,Yes,10%,,2,0,2,Central and Gadamoji,,,,,,,
8007,3,0,1,Aug-Sept current year,,1,390,,,Yes,2,0,0,Central and Gadamoji,,,,,,,
8010,3,0,1,Jan-Feb current year,,1,500,,,,2,0,0,Central and Gadamoji,,,,No,,,
8015,3,0,1,Jan-Feb current year,,2,975,,,Yes,2,0,0,Central and Gadamoji,,,,No,,,
8015,3,0,2,Aug-Sept current year,,2,700,,,Yes,2,0,0,Central and Gadamoji,,,,,,,
8015,7,,,,I don't know,2,,,,,2,0,5,,,Kargi,,,,,
8018,3,0,1,Jan-Feb current year,,2,1500,,,,3,0,0,Central and Gadamoji,,,,No,,,
8019,3,0,1,Jan-Feb current year,,1,825,,,,2,0,0,Central and Gadamoji,,,,No,,,
8021,2,,1,Jan-Feb current year,,1,976,No,,,2,0,0,,,,,,,,
8021,3,0,1,Jan-Feb current year,,1,488,,,Yes,1,0,0,Laisamis,,,,No,,,
8031,2,,1,Jan-Feb current year,,2,1950,Yes,60%,,10,0,0,,,,,,,,
8032,2,,1,Jan-Feb current year,,1,998,Yes,I don't know,,2,0,0,,,,,,,,
8032,3,1,1,Aug-Sept current year,,1,500,,,Yes,2,0,0,Central and Gadamoji,,,,,,,
8035,3,0,1,Jan-Feb current year,,1,783,,,Yes,2,0,0,Central and Gadamoji,,,,No,,,
8035,7,,,,I don't know,1,,,,,4,0,0,,,Laisamis,,,,,
8036,4,0,1,Aug-Sept current year,,1,200,No,,,1,0,7,Central and Gadamoji,,,,,,,
8044,3,0,1,Jan-Feb current year,,1,720,,,,2,0,0,Central and Gadamoji,,,,No,,,
8048,2,,1,Jan-Feb current year,,1,.a,Yes,30%,,2,0,0,,,,,,,,
8048,3,0,1,Jan-Feb current year,,1,351,,,,2,0,0,Laisamis,,,,No,,,
8048,7,,,,Jan/Feb 2012,1,,,,,1,0,0,,,Laisamis,,,,,
8049,3,1,1,Jan-Feb current year,,2,300,,,Yes,2,0,0,Central and Gadamoji,,,,No,,,
8050,3,0,1,Aug-Sept current year,,1,2,,,,2,0,0,Central and Gadamoji,,,,,,,
8050,5,0,1,Aug-Sept current year,,1,920,,,Yes,2,0,0,Laisamis,,,I don't know,,,,
8052,2,,1,Jan-Feb current year,,1,.a,Yes,40%,,2,0,0,,,,,,,,
8052,3,0,1,Jan-Feb current year,,1,590,,,Yes,2,0,0,Central and Gadamoji,,,,No,,,
8053,3,0,1,Jan-Feb current year,,2,488,,,,1,0,0,Central and Gadamoji,,,,No,,,
8054,3,0,1,Aug-Sept current year,,1,975,,,Yes,2,0,0,Central and Gadamoji,,,,,,,
8055,3,0,1,Jan-Feb current year,,1,1050,,,Yes,2,0,0,Central and Gadamoji,,,,No,,,
8055,3,0,2,Aug-Sept current year,,1,600,,,Yes,2,0,0,Central and Gadamoji,,,,,,,
8057,3,1,1,Jan-Feb current year,,1,975,,,Yes,2,0,0,Central and Gadamoji,,,,No,,,
8062,2,,1,Jan-Feb current year,,.b,.b,No,,,.b,.b,.b,,,,,,,,
9002,3,0,1,Jan-Feb current year,,1,488,,,No,0,0,10,Loiyangalani,,,,Yes,27,October,450
9002,4,0,1,Aug-Sept current year,,1,200,No,,,0,0,4,Loiyangalani,,,,,,,
9002,7,,,,I don't know,1,,,,,0,0,7,,,Kargi,,,,,
9003,4,1,1,Aug-Sept current year,,1,200,Yes,30%,,0,0,6,Loiyangalani,,,,,,,
9003,5,0,1,Aug-Sept current year,,1,200,,,No,0,0,6,Loiyangalani,,,I don't know,,,,
9005,3,0,1,Aug-Sept current year,,2,488,,,No,0,0,10,Loiyangalani,,,,,,,
9005,7,,,,Aug/Sept 2017,2,,,,,1,0,0,,,Kargi,,,,,
9006,3,1,1,Aug-Sept current year,,1,352,,,Yes,0,0,10,Loiyangalani,,,,,,,
9008,7,,,,I don't know,2,,,,,0,3,10,,,Kargi,,,,,
9010,7,,,,Jan/Feb 2019,2,,,,,0,1,0,,,Kargi,,,,,
9011,3,0,1,Jan-Feb current year,,1,488,,,Yes,0,0,10,Laisamis,,,,No,,,
9013,3,0,1,Jan-Feb current year,,1,700,,,Yes,0,0,10,Loiyangalani,,,,No,,,
9013,3,0,2,Aug-Sept current year,,1,390,,,Yes,0,0,10,Loiyangalani,,,,,,,
9014,3,0,1,Jan-Feb current year,,2,500,,,Yes,0,0,10,Laisamis,,,,No,,,
9014,7,,,,Jan/Feb 2017,1,,,,,0,0,4,,,Kargi,,,,,
9021,7,,,,Aug/Sept 2016,2,,,,,3,2,4,,,Kargi,,,,,
9025,3,0,1,Jan-Feb current year,,1,352,,,Yes,0,0,10,Loiyangalani,,,,No,,,
9025,7,,,,Aug/Sept 2016,2,,,,,0,1,2,,,Kargi,,,,,
9027,5,0,1,Aug-Sept current year,,1,700,,,Yes,6,3,4,Loiyangalani,,,10%,,,,
9027,6,0,1,Jan-Feb current year,,1,830,,,,0,0,6,,Kargi,,,,,,
9032,7,,,,Aug/Sept 2015,2,,,,,0,1,0,,,Kargi,,,,,
9033,2,,1,Jan-Feb current year,,1,488,Yes,I don't know,,0,0,10,,,,,,,,
9033,4,0,1,Aug-Sept current year,,.b,.b,,,,.b,.b,.b,.b,,,,,,,
9034,7,,,,I don't know,2,,,,,0,5,15,,,Kargi,,,,,
9035,3,0,1,Aug-Sept current year,,1,440,,,Yes,0,0,10,Loiyangalani,,,,,,,
9036,4,0,1,Aug-Sept current year,,1,260,No,,,1,0,0,Loiyangalani,,,,,,,
9037,7,,,,I don't know,2,,,,,2,2,5,,,Kargi,,,,,
9038,3,0,1,Aug-Sept current year,,1,683,,,Yes,0,0,20,Loiyangalani,,,,,,,
9038,7,,,,I don't know,2,,,,,0,0,2,,,Kargi,,,,,
9039,7,,,,I don't know,2,,,,,0,2,5,,,Kargi,,,,,
9043,2,,1,Jan-Feb current year,,1,488,Yes,I don't know,,0,0,10,,,,,,,,
9043,4,0,1,Aug-Sept current year,,1,300,Yes,40%,,2,0,0,Loiyangalani,,,,,,,
9044,7,,,,Jan/Feb 2017,1,,,,,0,0,4,,,Kargi,,,,,
9044,7,,,,Jan/Feb 2018,1,,,,,0,0,3,,,Kargi,,,,,
9046,3,0,1,Aug-Sept current year,,2,440,,,Yes,0,0,20,Loiyangalani,,,,,,,
9046,4,0,1,Aug-Sept current year,,2,840,Yes,50%,,0,0,10,Loiyangalani,,,,,,,
9048,7,,,,Aug/Sept 2010,2,,,,,0,1,0,,,Kargi,,,,,
9048,7,,,,Aug/Sept 2015,2,,,,,0,0,1,,,Kargi,,,,,
9049,2,,1,Jan-Feb current year,,1,488,No,I don't know,,0,0,10,,,,,,,,
9049,3,0,1,Aug-Sept current year,,1,488,,,Yes,0,0,20,Loiyangalani,,,,,,,
9053,7,,,,Aug/Sept 2015,1,,,,,0,1,2,,,Kargi,,,,,
9055,4,0,1,Aug-Sept current year,,1,300,No,,,0,0,2,Loiyangalani,,,,,,,
9057,7,,,,Aug/Sept 2015,2,,,,,0,0,1,,,Kargi,,,,,
9058,7,,,,I don't know,1,,,,,0,0,5,,,Kargi,,,,,
9059,3,0,1,Aug-Sept current year,,1,488,,,Yes,0,0,10,Loiyangalani,,,,,,,
9063,3,0,1,Jan-Feb current year,,1,585,,,Yes,0,0,11,Loiyangalani,,,,No,,,
9063,4,0,1,Aug-Sept current year,,1,480,Yes,50%,,2,0,0,Loiyangalani,,,,,,,
9063,5,0,1,Jan-Feb current year,,1,830,,,Yes,1,0,0,Loiyangalani,,,15%,,,,
9064,2,,1,Jan-Feb current year,,.b,.b,No,,,.b,.b,.b,,,,,,,,
9064,3,1,1,Aug-Sept current year,,1,488,,,Yes,0,0,20,Loiyangalani,,,,,,,
9064,4,0,1,Aug-Sept current year,,.b,.b,,,,.b,.b,.b,.b,,,,,,,
9065,3,0,1,Jan-Feb current year,,1,440,,,Yes,0,0,10,Laisamis,,,,No,,,
9065,4,0,1,Aug-Sept current year,,1,460,No,,,0,0,10,Loiyangalani,,,,,,,
9065,7,,,,Jan/Feb 2011,2,,,,,0,2,10,,,Kargi,,,,,
9066,3,0,1,Jan-Feb current year,,1,585,,,,0,0,10,Loiyangalani,,,,Yes,27,October,900
9067,7,,,,I don't know,1,,,,,1,1,2,,,Kargi,,,,,
9067,7,,,,I don't know,2,,,,,1,1,2,,,Kargi,,,,,
9068,3,0,1,Jan-Feb current year,,1,352,,,Yes,0,0,10,Loiyangalani,,,,No,,,
9068,4,0,1,Aug-Sept current year,,1,400,No,,,0,200,200,Loiyangalani,,,,,,,
9070,3,0,1,Jan-Feb current year,,1,585,,,Yes,0,0,20,Loiyangalani,,,,No,,,
9070,3,0,2,Aug-Sept current year,,1,685,,,Yes,0,0,20,Loiyangalani,,,,,,,
9071,3,1,1,Jan-Feb current year,,1,396,,,Yes,0,0,10,Loiyangalani,,,,No,,,
9071,5,0,1,Jan-Feb current year,,1,400,,,No,0,0,10,Loiyangalani,,,15%,,,,
9071,7,,,,I don't know,1,,,,,0,0,4,,,Kargi,,,,,
9072,3,0,1,Aug-Sept current year,,2,488,,,Yes,0,0,20,Loiyangalani,,,,,,,
9073,7,,,,I don't know,1,,,,,1,0,0,,,Kargi,,,,,
9074,4,0,1,Aug-Sept current year,,.b,.b,,,,.b,.b,.b,.b,,,,,,,
9074,4,0,2,Aug-Sept current year,,.b,.b,,,,.b,.b,.b,.b,,,,,,,
9074,4,0,3,Aug-Sept current year,,.b,.b,,,,.b,.b,.b,.b,,,,,,,
9075,7,,,,I don't know,2,,,,,0,0,4,,,Kargi,,,,,
9076,4,0,1,Aug-Sept current year,,1,400,No,,,1,0,0,Loiyangalani,,,,,,,
9076,7,,,,Aug/Sept 2015,2,,,,,0,0,1,,,Kargi,,,,,
9078,3,0,1,Aug-Sept current year,,1,488,,,Yes,2,0,0,Loiyangalani,,,,,,,
9078,4,0,1,Aug-Sept current year,,1,390,No,,,2,0,0,Loiyangalani,,,,,,,
9079,2,,1,Jan-Feb current year,,1,390,Yes,I don't know,,0,0,10,,,,,,,,
9079,3,0,1,Aug-Sept current year,,1,585,,,Yes,0,0,20,Loiyangalani,,,,,,,
9080,3,0,1,Jan-Feb current year,,1,440,,,Yes,0,0,10,Loiyangalani,,,,No,,,
9086,3,0,1,Aug-Sept current year,,1,390,,,Yes,0,0,20,Loiyangalani,,,,,,,
9086,4,0,1,Aug-Sept current year,,1,490,Yes,50%,,0,0,20,Loiyangalani,,,,,,,
9092,3,0,1,Aug-Sept current year,,1,488,,,Yes,0,0,20,Loiyangalani,,,,,,,
9093,3,0,1,Jan-Feb current year,,1,352,,,Yes,0,0,10,Loiyangalani,,,,No,,,
9094,3,0,1,Aug-Sept current year,,1,390,,,Yes,0,0,20,Loiyangalani,,,,,,,
9095,3,0,1,Aug-Sept current year,,1,488,,,,1,0,0,Loiyangalani,,,,,,,
9095,5,0,1,Jan-Feb current year,,1,500,,,No,0,0,10,Loiyangalani,,,15%,,,,
9095,5,0,2,Aug-Sept current year,,1,100,,,No,0,0,2,Loiyangalani,,,10%,,,,
9096,3,0,1,Jan-Feb current year,,1,440,,,Yes,0,0,10,Loiyangalani,,,,No,,,
9097,3,0,1,Aug-Sept current year,,1,392,,,Yes,0,0,20,Loiyangalani,,,,,,,
9098,7,,,,I don't know,2,,,,,2,2,4,,,Kargi,,,,,
9099,7,,,,I don't know,1,,,,,0,1,2,,,Kargi,,,,,
9102,5,0,1,Jan-Feb current year,,2,300,,,No,0,0,10,Loiyangalani,,,I don't know,,,,
9108,3,0,1,Jan-Feb current year,,1,440,,,Yes,0,0,10,Loiyangalani,,,,No,,,
9111,7,,,,I don't know,2,,,,,2,2,10,,,Kargi,,,,,
9111,7,,,,I don't know,1,,,,,2,2,10,,,Kargi,,,,,
9140,6,0,1,Jan-Feb current year,,1,400,,,,0,0,1,,Kargi,,,,,,
9140,6,0,2,Aug-Sept current year,,1,2460,,,,0,1,5,,Kargi,,,,,,
10002,7,,,,Jan/Feb 2017,1,,,,,0,2,4,,,Kargi,,,,,
10004,7,,,,I don't know,2,,,,,0,1,0,,,Kargi,,,,,
10005,5,0,1,Jan-Feb current year,,1,450,,,Yes,0,1,5,Loiyangalani,,,15%,,,,
10006,2,,1,Jan-Feb current year,,1,390,Yes,I don't know,,0,0,10,,,,,,,,
10006,3,0,1,Aug-Sept current year,,1,300,,,Yes,0,0,8,Loiyangalani,,,,,,,
10006,7,,,,Jan/Feb 2017,1,,,,,0,4,8,,,Kargi,,,,,
10006,7,,,,Aug/Sept 2018,1,,,,,0,4,8,,,Kargi,,,,,
10009,3,0,1,Jan-Feb current year,,1,440,,,Yes,0,0,10,Loiyangalani,,,,No,,,
10009,7,,,,Aug/Sept 2011,2,,,,,0,0,10,,,Kargi,,,,,
10010,7,,,,I don't know,1,,,,,0,2,4,,,Kargi,,,,,
10011,2,,1,Jan-Feb current year,,1,440,Yes,I don't know,,0,0,10,,,,,,,,
10011,3,0,1,Jan-Feb current year,,1,440,,,Yes,0,0,10,Laisamis,,,,No,,,
10011,7,,,,Aug/Sept 2015,2,,,,,0,0,2,,,Kargi,,,,,
10012,2,,1,Jan-Feb current year,,1,293,Yes,I don't know,,0,0,10,,,,,,,,
10012,6,0,1,Jan-Feb current year,,2,730,,,,0,0,5,,Kargi,,,,,,
10012,7,,,,I don't know,1,,,,,0,1,2,,,Kargi,,,,,
10013,5,0,1,Jan-Feb current year,,1,100,,,No,0,0,100,Loiyangalani,,,I don't know,,,,
10014,2,,1,Jan-Feb current year,,1,390,Yes,I don't know,,0,0,10,,,,,,,,
10016,2,,1,Jan-Feb current year,,1,390,Yes,I don't know,,0,0,20,,,,,,,,
10016,3,0,1,Jan-Feb current year,,1,390,,,Yes,0,0,390,Loiyangalani,,,,No,,,
10016,7,,,,Aug/Sept 2014,1,,,,,0,0,4,,,Kargi,,,,,
10016,7,,,,Aug/Sept 2015,1,,,,,0,0,3,,,Kargi,,,,,
10017,4,0,1,Aug-Sept current year,,1,600,No,,,1,0,0,Loiyangalani,,,,,,,
10018,2,,1,Jan-Feb current year,,1,293,Yes,I don't know,,0,0,10,,,,,,,,
10019,7,,,,I don't know,2,,,,,0,0,2,,,Kargi,,,,,
10020,2,,1,Jan-Feb current year,,2,500,Yes,I don't know,,0,0,20,,,,,,,,
10022,2,,1,Jan-Feb current year,,1,390,Yes,30%,,0,0,20,,,,,,,,
10022,3,0,1,Jan-Feb current year,,1,440,,,Yes,0,0,10,Loiyangalani,,,,No,,,
10022,7,,,,Aug/Sept 2015,2,,,,,0,2,0,,,Kargi,,,,,
10023,3,0,1,Jan-Feb current year,,1,488,,,Yes,0,0,20,Loiyangalani,,,,No,,,
10024,3,0,1,Aug-Sept current year,,1,685,,,Yes,0,0,20,Loiyangalani,,,,,,,
10026,3,0,1,Aug-Sept current year,,1,488,,,Yes,0,0,20,Loiyangalani,,,,,,,
10026,4,0,1,Aug-Sept current year,,1,500,No,,,0,0,20,Loiyangalani,,,,,,,
10026,5,0,1,Jan-Feb current year,,1,500,,,Yes,0,2,4,Loiyangalani,,,15%,,,,
10026,7,,,,Aug/Sept 2010,2,,,,,2,0,2,,,Kargi,,,,,
10027,3,1,1,Aug-Sept current year,,1,488,,,Yes,0,0,20,Loiyangalani,,,,,,,
10027,7,,,,Aug/Sept 2015,2,,,,,0,1,2,,,Kargi,,,,,
10028,2,,1,Jan-Feb current year,,1,195,Yes,I don't know,,0,0,10,,,,,,,,
10029,3,0,1,Aug-Sept current year,,1,440,,,Yes,0,0,10,Loiyangalani,,,,,,,
10029,7,,,,I don't know,2,,,,,0,0,1,,,Other,,,,,
10030,7,,,,Aug/Sept 2015,2,,,,,0,2,0,,,Kargi,,,,,
10031,7,,,,Jan/Feb 2020,2,,,,,1,0,5,,,Kargi,,,,,
10033,7,,,,I don't know,1,,,,,0,1,2,,,Kargi,,,,,
11003,3,0,1,Aug-Sept current year,,2,488,,,,2,0,0,Laisamis,,,,,,,
11003,7,,,,I don't know,1,,,,,2,0,0,,,Laisamis,,,,,
11004,2,,1,Jan-Feb current year,,1,.a,Yes,.b,,98,.a,.a,,,,,,,,
11006,2,,1,Jan-Feb current year,,2,5363,Yes,60%,,20,0,0,,,,,,,,
11006,3,0,1,Jan-Feb current year,,2,5363,,,Yes,20,0,0,Laisamis,,,,No,,,
11010,3,0,1,Aug-Sept current year,,1,580,,,Yes,2,0,0,Laisamis,,,,,,,
11012,7,,,,I don't know,2,,,,,0,0,0,,,Laisamis,,,,,
11015,2,,1,Jan-Feb current year,,16,.a,Yes,40%,,98,.a,.a,,,,,,,,
11015,3,0,1,Aug-Sept current year,,1,1962,,,Yes,10,0,0,Laisamis,,,,,,,
11022,7,,,,I don't know,2,,,,,3,0,0,,,Laisamis,,,,,
11024,3,0,1,Jan-Feb current year,,2,244,,,Yes,0,0,10,Laisamis,,,,Yes,3,November,1050
11024,7,,,,I don't know,2,,,,,10,0,0,,,Laisamis,,,,,
11025,3,0,1,Jan-Feb current year,,2,200,,,Yes,2,0,0,Laisamis,,,,Yes,26,October,525
11025,4,0,1,Aug-Sept current year,,2,780,Yes,30%,,2,0,0,Laisamis,,,,,,,
11025,7,,,,Jan/Feb 2012,2,,,,,1,0,0,,,Laisamis,,,,,
11026,2,,1,Jan-Feb current year,,1,1950,Yes,60%,,10,0,0,,,,,,,,
11027,2,,1,Jan-Feb current year,,2,1463,Yes,40%,,5,0,0,,,,,,,,
11028,2,,1,Jan-Feb current year,,1,.a,Yes,I don't know,,98,.a,.a,,,,,,,,
11038,2,,1,Jan-Feb current year,,1,500,Yes,I don't know,,1,0,0,,,,,,,,
11041,3,0,1,Aug-Sept current year,,1,976,,,Yes,2,0,0,Laisamis,,,,,,,
11041,4,0,1,Aug-Sept current year,,1,1897,No,,,0,0,1,Central and Gadamoji,,,,,,,
11042,7,,,,I don't know,1,,,,,0,0,0,,,Laisamis,,,,,
11045,4,0,1,Aug-Sept current year,,1,2000,No,,,2,0,10,Laisamis,,,,,,,
11045,5,0,1,Jan-Feb current year,,1,1000,,,No,1,0,0,Laisamis,,,I don't know,,,,
11045,5,0,2,Aug-Sept current year,,1,1330,,,No,1,0,0,Laisamis,,,I don't know,,,,
11051,3,0,1,Aug-Sept current year,,1,870,,,Yes,2,0,0,Laisamis,,,,,,,
11051,7,,,,I don't know,1,,,,,0,1,0,,,Laisamis,,,,,
12001,3,0,1,Jan-Feb current year,,1,500,,,Yes,2,0,0,Laisamis,,,,No,,,
12001,3,0,2,Aug-Sept current year,,1,830,,,Yes,2,0,0,Laisamis,,,,,,,
12001,7,,,,Aug/Sept 2012,2,,,,,0,2,0,,,Laisamis,,,,,
12002,3,0,1,Jan-Feb current year,,2,500,,,Yes,1,0,0,Laisamis,,,,No,,,
12002,3,0,2,Aug-Sept current year,,2,980,,,,2,0,0,Laisamis,,,,,,,
12002,5,0,1,Aug-Sept current year,,1,3999,,,Yes,6,0,0,Laisamis,,,10%,,,,
12003,3,0,1,Aug-Sept current year,,2,490,,,Yes,1,0,0,Laisamis,,,,,,,
12003,4,0,1,Aug-Sept current year,,2,600,Yes,20%,,1,0,0,Laisamis,,,,,,,
12003,7,,,,I don't know,2,,,,,5,0,20,,,Laisamis,,,,,
12004,3,0,1,Aug-Sept current year,,1,488,,,,1,0,0,Laisamis,,,,,,,
12005,2,,1,Jan-Feb current year,,1,488,No,,,1,0,0,,,,,,,,
12005,3,0,1,Jan-Feb current year,,1,430,,,Yes,1,0,0,Laisamis,,,,No,,,
12005,3,0,2,Aug-Sept current year,,1,488,,,,1,0,0,Laisamis,,,,,,,
12005,5,0,1,Aug-Sept current year,,1,1200,,,No,5,0,0,Laisamis,,,I don't know,,,,
12005,7,,,,Aug/Sept 2010,4,,,,,1,2,0,,,Laisamis,,,,,
12006,3,0,1,Aug-Sept current year,,2,390,,,Yes,2,0,0,Laisamis,,,,,,,
12006,4,0,1,Aug-Sept current year,,2,390,No,,,2,0,0,Laisamis,,,,,,,
12007,2,,1,Jan-Feb current year,,1,684,Yes,30%,,2,0,0,,,,,,,,
12007,3,0,1,Jan-Feb current year,,1,975,,,,2,0,0,Laisamis,,,,No,,,
12007,3,0,2,Aug-Sept current year,,1,975,,,No,2,0,0,Laisamis,,,,,,,
12008,2,,1,Jan-Feb current year,,1,781,Yes,60%,,4,0,0,,,,,,,,
12008,5,0,1,Aug-Sept current year,,1,888,,,Yes,1,0,0,Laisamis,,,10%,,,,
12008,7,,,,I don't know,1,,,,,2,0,0,,,Laisamis,,,,,
12009,2,,1,Jan-Feb current year,,2,488,No,,,1,0,0,,,,,,,,
12009,7,,,,I don't know,1,,,,,0,0,0,,,Laisamis,,,,,
12010,3,0,1,Aug-Sept current year,,1,488,,,,1,0,0,Laisamis,,,,,,,
12011,2,,1,Jan-Feb current year,,1,475,No,,,1,0,0,,,,,,,,
12011,3,0,1,Aug-Sept current year,,1,488,,,,1,0,0,Laisamis,,,,,,,
12015,2,,1,Jan-Feb current year,,1,585,Yes,60%,,3,0,0,,,,,,,,
12015,3,0,1,Aug-Sept current year,,1,420,,,No,1,0,0,Laisamis,,,,,,,
12015,7,,,,I don't know,2,,,,,0,0,0,,,Laisamis,,,,,
12016,2,,1,Jan-Feb current year,,2,683,Yes,30%,,2,.b,.b,,,,,,,,
12017,2,,1,Jan-Feb current year,,2,488,No,,,0,0,10,,,,,,,,
12021,2,,1,Jan-Feb current year,,2,488,No,,,1,0,0,,,,,,,,
12022,3,0,1,Jan-Feb current year,,1,900,,,Yes,2,0,0,Laisamis,,,,No,,,
12022,3,0,2,Aug-Sept current year,,1,490,,,,1,0,0,Laisamis,,,,,,,
12022,7,,,,I don't know,1,,,,,0,1,4,,,Laisamis,,,,,
12023,2,,1,Jan-Feb current year,,1,2988,Yes,60%,,15,0,0,,,,,,,,
12023,3,0,1,Jan-Feb current year,,1,488,,,,1,0,0,Laisamis,,,,No,,,
12023,3,0,2,Aug-Sept current year,,1,500,,,Yes,2,0,0,Laisamis,,,,,,,
12023,7,,,,Jan/Feb 2011,1,,,,,15,0,0,,,Laisamis,,,,,
12024,3,0,1,Aug-Sept current year,,1,488,,,Yes,2,0,0,Laisamis,,,,,,,
12025,3,0,1,Aug-Sept current year,,1,490,,,Yes,1,0,0,Laisamis,,,,,,,
12025,7,,,,I don't know,1,,,,,0,0,0,,,Laisamis,,,,,
12026,3,0,1,Jan-Feb current year,,1,350,,,No,1,0,0,Laisamis,,,,No,,,
12026,3,0,2,Aug-Sept current year,,1,488,,,No,1,0,0,Laisamis,,,,,,,
12028,2,,1,Jan-Feb current year,,1,700,No,,,1,0,2,,,,,,,,
12029,3,0,1,Aug-Sept current year,,1,800,,,No,2,0,0,Laisamis,,,,,,,
12029,4,0,1,Aug-Sept current year,,2,350,Yes,I don't know,,1,0,0,Laisamis,,,,,,,
12031,3,0,1,Jan-Feb current year,,1,488,,,,1,0,0,Laisamis,,,,No,,,
12031,3,0,2,Aug-Sept current year,,1,690,,,Yes,2,0,0,Laisamis,,,,,,,
12032,2,,1,Jan-Feb current year,,2,440,Yes,10%,,0,0,10,,,,,,,,
12033,2,,1,Jan-Feb current year,,2,976,No,,,2,0,0,,,,,,,,
12036,3,0,1,Jan-Feb current year,,1,800,,,No,5,0,0,Laisamis,,,,No,,,
12036,7,,,,I don't know,1,,,,,0,0,0,,,Laisamis,,,,,
12037,3,0,1,Jan-Feb current year,,1,1706,,,Yes,5,0,0,Laisamis,,,,No,,,
12037,3,0,2,Aug-Sept current year,,1,1300,,,Yes,5,0,0,Laisamis,,,,,,,
12040,3,0,1,Jan-Feb current year,,1,585,,,Yes,2,0,0,Laisamis,,,,Yes,1,November,2100
12040,3,0,2,Aug-Sept current year,,1,500,,,Yes,2,0,0,Laisamis,,,,,,,
12040,4,0,1,Aug-Sept current year,,2,500,Yes,60%,,2,0,0,Laisamis,,,,,,,
12043,3,0,1,Jan-Feb current year,,1,864,,,Yes,2,0,0,Laisamis,,,,No,,,
12043,3,0,2,Aug-Sept current year,,1,488,,,,1,0,0,Laisamis,,,,,,,
12044,2,,1,Jan-Feb current year,,2,976,No,,,2,0,0,,,,,,,,
12044,3,0,1,Aug-Sept current year,,1,488,,,Yes,1,0,0,Laisamis,,,,,,,
12044,5,0,1,Jan-Feb current year,,1,600,,,No,1,0,0,Laisamis,,,15%,,,,
12044,5,0,2,Aug-Sept current year,,1,1560,,,Yes,1,0,0,Laisamis,,,10%,,,,
13001,2,,1,Jan-Feb current year,,2,780,No,,,1,0,10,,,,,,,,
13001,3,0,1,Aug-Sept current year,,2,780,,,Yes,2,0,0,Laisamis,,,,,,,
13001,5,0,1,Aug-Sept current year,,1,980,,,Yes,2,0,0,Laisamis,,,10%,,,,
13001,7,,,,Jan/Feb 2012,2,,,,,2,0,0,,,Laisamis,,,,,
13003,5,0,1,Jan-Feb current year,,2,975,,,Yes,2,0,0,Laisamis,,,I don't know,,,,
13003,7,,,,I don't know,2,,,,,2,0,5,,,Laisamis,,,,,
13004,5,0,1,Aug-Sept current year,,4,2268,,,Yes,2,0,0,Laisamis,,,10%,,,,
13006,3,0,1,Jan-Feb current year,,2,240,,,Yes,4,0,0,Laisamis,,,,No,,,
13006,4,0,1,Aug-Sept current year,,1,390,No,,,2,0,0,Laisamis,,,,,,,
13006,5,0,1,Aug-Sept current year,,1,650,,,Yes,2,0,0,Laisamis,,,15%,,,,
13008,3,0,1,Jan-Feb current year,,2,270,,,Yes,2,0,0,Laisamis,,,,No,,,
13008,4,0,1,Aug-Sept current year,,2,390,No,,,2,0,0,Laisamis,,,,,,,
13008,5,0,1,Aug-Sept current year,,1,675,,,Yes,2,0,0,Laisamis,,,15%,,,,
13009,4,0,1,Aug-Sept current year,,2,380,Yes,20%,,1,0,0,Central and Gadamoji,,,,,,,
13009,5,0,1,Aug-Sept current year,,2,700,,,Yes,2,0,0,Laisamis,,,I don't know,,,,
13009,7,,,,Jan/Feb 2013,1,,,,,5,0,0,,,Laisamis,,,,,
13009,7,,,,Aug/Sept 2013,1,,,,,2,0,0,,,Laisamis,,,,,
13010,2,,1,Jan-Feb current year,,1,898,Yes,10%,,1,0,10,,,,,,,,
13010,4,0,1,Aug-Sept current year,,1,783,Yes,10%,,0,0,20,Laisamis,,,,,,,
13010,7,,,,I don't know,1,,,,,0,0,0,,,Laisamis,,,,,
13011,5,0,1,Aug-Sept current year,,2,1620,,,No,2,0,0,Laisamis,,,I don't know,,,,
13011,7,,,,I don't know,1,,,,,3,0,0,,,Laisamis,,,,,
13013,2,,1,Jan-Feb current year,,2,490,Yes,I don't know,,2,0,0,,,,,,,,
13013,7,,,,I don't know,1,,,,,0,0,0,,,Laisamis,,,,,
13013,7,,,,I don't know,2,,,,,0,0,0,,,Laisamis,,,,,
13014,3,0,1,Jan-Feb current year,,2,250,,,Yes,4,0,0,Laisamis,,,,No,,,
13014,5,0,1,Aug-Sept current year,,1,488,,,Yes,2,0,0,Laisamis,,,I don't know,,,,
13015,2,,1,Jan-Feb current year,,1,975,Yes,50%,,4,0,0,,,,,,,,
13016,2,,1,Jan-Feb current year,,1,585,Yes,40%,,2,0,0,,,,,,,,
13016,3,0,1,Jan-Feb current year,,1,585,,,Yes,2,0,0,Laisamis,,,,No,,,
13016,7,,,,I don't know,1,,,,,3,0,0,,,Laisamis,,,,,
13018,2,,1,Jan-Feb current year,,1,985,No,,,2,0,0,,,,,,,,
13018,3,0,1,Aug-Sept current year,,1,976,,,,2,0,0,Laisamis,,,,,,,
13018,4,0,1,Aug-Sept current year,,1,486,Yes,20%,,2,0,0,Laisamis,,,,,,,
13018,5,0,1,Jan-Feb current year,,1,975,,,No,2,0,0,Laisamis,,,I don't know,,,,
13019,2,,1,Jan-Feb current year,,1,2000,Yes,I don't know,,8,0,0,,,,,,,,
13020,2,,1,Jan-Feb current year,,1,480,No,,,1,0,0,,,,,,,,
13021,2,,1,Jan-Feb current year,,2,976,Yes,50%,,4,0,0,,,,,,,,
13021,5,0,1,Aug-Sept current year,,2,2664,,,Yes,2,0,0,Laisamis,,,10%,,,,
13021,7,,,,Jan/Feb 2013,2,,,,,2,0,0,,,Laisamis,,,,,
13022,2,,1,Jan-Feb current year,,2,1171,Yes,20%,,3,0,0,,,,,,,,
13022,7,,,,Jan/Feb 2013,2,,,,,2,0,0,,,Laisamis,,,,,
13023,2,,1,Jan-Feb current year,,2,580,Yes,I don't know,,2,0,0,,,,,,,,
13023,5,0,1,Jan-Feb current year,,2,888,,,No,2,0,888,Laisamis,,,I don't know,,,,
13025,5,0,1,Aug-Sept current year,,1,650,,,Yes,2,0,0,Laisamis,,,I don't know,,,,
13025,7,,,,I don't know,1,,,,,2,1,4,,,Laisamis,,,,,
13026,3,0,1,Jan-Feb current year,,1,200,,,Yes,4,0,0,Laisamis,,,,No,,,
13028,2,,1,Jan-Feb current year,,2,480,No,I don't know,,1,0,5,,,,,,,,
13028,4,0,1,Aug-Sept current year,,2,487,Yes,I don't know,,1,0,0,Laisamis,,,,,,,
13028,5,0,1,Aug-Sept current year,,2,1330,,,Yes,2,0,0,Laisamis,,,I don't know,,,,
13028,6,0,1,Jan-Feb current year,,2,1200,,,,2,0,0,,Laisamis,,,,,,
13028,7,,,,I don't know,1,,,,,3,0,20,,,Laisamis,,,,,
13029,2,,1,Jan-Feb current year,,1,975,No,,,5,0,0,,,,,,,,
13029,3,0,1,Aug-Sept current year,,1,780,,,Yes,2,0,0,Laisamis,,,,,,,
13029,7,,,,I don't know,1,,,,,3,0,0,,,Laisamis,,,,,
13030,2,,1,Jan-Feb current year,,2,975,No,,,2,0,0,,,,,,,,
13030,3,0,1,Jan-Feb current year,,2,976,,,Yes,2,0,0,Laisamis,,,,No,,,
13030,4,0,1,Aug-Sept current year,,2,975,Yes,I don't know,,2,0,0,Laisamis,,,,,,,
13030,7,,,,Jan/Feb 2010,1,,,,,5,0,0,,,Laisamis,,,,,
13035,2,,1,Jan-Feb current year,,1,1755,Yes,10%,,4,0,0,,,,,,,,
13035,3,0,1,Aug-Sept current year,,1,500,,,Yes,2,0,0,Laisamis,,,,,,,
14002,2,,1,Jan-Feb current year,,1,1000,Yes,I don't know,,0,0,20,,,,,,,,
14002,3,0,1,Jan-Feb current year,,1,488,,,Yes,0,0,10,Loiyangalani,,,,No,,,
14008,3,0,1,Aug-Sept current year,,1,390,,,Yes,0,0,10,Loiyangalani,,,,,,,
14012,3,0,1,Jan-Feb current year,,1,590,,,Yes,0,0,10,Loiyangalani,,,,No,,,
14014,2,,1,Jan-Feb current year,,2,1000,No,,,3,0,0,,,,,,,,
14014,3,0,1,Jan-Feb current year,,1,1000,,,Yes,4,0,18,Loiyangalani,,,,No,,,
14014,7,,,,Jan/Feb 2010,2,,,,,0,0,20,,,Loiyangalani,,,,,
14015,3,0,1,Jan-Feb current year,,1,1800,,,,1,0,10,Loiyangalani,,,,No,,,
14016,2,,1,Jan-Feb current year,,1,800,No,,,4,0,20,,,,,,,,
14017,2,,1,Jan-Feb current year,,2,975,Yes,I don't know,,1,0,40,,,,,,,,
14017,3,0,1,Jan-Feb current year,,2,975,,,Yes,1,0,30,Loiyangalani,,,,No,,,
14017,3,0,2,Aug-Sept current year,,2,700,,,Yes,.b,.b,.b,Loiyangalani,,,,,,,
14018,3,0,1,Jan-Feb current year,,1,975,,,Yes,3,0,20,Loiyangalani,,,,No,,,
14018,3,0,2,Aug-Sept current year,,1,700,,,,.b,.b,.b,Loiyangalani,,,,,,,
14018,4,0,1,Aug-Sept current year,,1,1000,Yes,20%,,0,0,5,Loiyangalani,,,,,,,
14018,5,0,1,.b,,.b,.b,,,.b,.b,.b,.b,.b,,,.b,,,,
14024,2,,1,Jan-Feb current year,,2,780,Yes,20%,,2,0,0,,,,,,,,
14027,3,0,1,Aug-Sept current year,,1,488,,,,0,0,.b,Loiyangalani,,,,,,,
14027,5,1,1,Aug-Sept current year,,1,800,,,Yes,.b,.b,.b,Loiyangalani,,,15%,,,,
14027,7,,,,Aug/Sept 2010,1,,,,,0,1,15,,,Loiyangalani,,,,,
14027,7,,,,Aug/Sept 2014,1,,,,,0,1,20,,,Loiyangalani,,,,,
14027,7,,,,Aug/Sept 2015,1,,,,,0,0,30,,,Loiyangalani,,,,,
14033,3,0,1,Jan-Feb current year,,1,438,,,,0,0,10,Loiyangalani,,,,No,,,
14037,3,0,1,Jan-Feb current year,,1,400,,,Yes,0,0,5,Loiyangalani,,,,No,,,
14041,7,,,,Aug/Sept 2010,2,,,,,0,0,5,,,Loiyangalani,,,,,
14043,3,0,1,Aug-Sept current year,,1,485,,,Yes,0,0,10,Loiyangalani,,,,,,,
14044,3,0,1,Aug-Sept current year,,1,390,,,,0,0,10,Loiyangalani,,,,,,,
14044,7,,,,Aug/Sept 2010,1,,,,,0,0,4,,,Loiyangalani,,,,,
14045,2,,1,Jan-Feb current year,,2,975,Yes,I don't know,,0,0,10,,,,,,,,
14048,4,0,1,Aug-Sept current year,,1,750,Yes,30%,,1,2,10,Loiyangalani,,,,,,,
14051,2,,1,Jan-Feb current year,,2,488,No,,,0,0,10,,,,,,,,
14052,2,,1,Jan-Feb current year,,1,488,No,,,0,0,10,,,,,,,,
14052,3,0,1,Jan-Feb current year,,1,438,,,Yes,0,0,10,Loiyangalani,,,,No,,,
14056,2,,1,Jan-Feb current year,,1,880,Yes,I don't know,,2,0,25,,,,,,,,
14056,3,1,1,Aug-Sept current year,,1,1000,,,Yes,0,0,10,Loiyangalani,,,,,,,
14057,7,,,,Aug/Sept 2014,1,,,,,0,0,20,,,Loiyangalani,,,,,
14062,3,1,1,Aug-Sept current year,,1,985,,,Yes,0,2,20,Loiyangalani,,,,,,,
14064,3,0,1,Jan-Feb current year,,1,487,,,Yes,0,0,10,Loiyangalani,,,,No,,,
14064,4,0,1,Aug-Sept current year,,1,600,Yes,40%,,0,0,15,Loiyangalani,,,,,,,
14068,7,,,,Jan/Feb 2015,1,,,,,0,1,1,,,Loiyangalani,,,,,
14074,2,,1,Jan-Feb current year,,1,975,No,I don't know,,0,0,3,,,,,,,,
14075,3,0,1,Jan-Feb current year,,1,390,,,,0,0,10,Loiyangalani,,,,No,,,
14077,3,1,1,Jan-Feb current year,,1,807,,,,0,0,.b,Loiyangalani,,,,No,,,
14078,2,,1,Jan-Feb current year,,1,488,Yes,I don't know,,0,0,10,,,,,,,,
14082,7,,,,Aug/Sept 2016,2,,,,,0,0,1,,,Loiyangalani,,,,,
14088,4,0,1,Aug-Sept current year,,1,1000,Yes,20%,,0,0,5,Loiyangalani,,,,,,,
14089,2,,1,Jan-Feb current year,,1,3700,Yes,60%,,3,0,0,,,,,,,,
14089,3,0,1,Jan-Feb current year,,1,1300,,,Yes,0,0,10,Loiyangalani,,,,No,,,
14089,3,0,2,Aug-Sept current year,,1,1400,,,Yes,0,0,10,Loiyangalani,,,,,,,
14089,7,,,,Aug/Sept 2010,1,,,,,12,0,20,,,Loiyangalani,,,,,
14089,7,,,,Aug/Sept 2013,1,,,,,12,0,20,,,Loiyangalani,,,,,
14089,7,,,,Aug/Sept 2014,1,,,,,12,0,20,,,Loiyangalani,,,,,
14089,7,,,,Aug/Sept 2016,1,,,,,12,0,20,,,Loiyangalani,,,,,
14090,3,0,1,Jan-Feb current year,,1,975,,,Yes,2,0,40,Loiyangalani,,,,No,,,
14090,7,,,,Aug/Sept 2015,2,,,,,0,0,10,,,Loiyangalani,,,,,
14091,2,,1,Jan-Feb current year,,2,976,Yes,20%,,3,1,4,,,,,,,,
14094,3,0,1,Aug-Sept current year,,1,.b,,,,.b,.b,.b,Loiyangalani,,,,,,,
14094,4,0,1,Aug-Sept current year,,1,900,Yes,10%,,0,0,10,Loiyangalani,,,,,,,
14095,2,,1,Jan-Feb current year,,1,438,Yes,10%,,0,0,10,,,,,,,,
14099,3,1,1,Jan-Feb current year,,1,.b,,,Yes,0,0,15,Loiyangalani,,,,No,,,
14112,7,,,,Aug/Sept 2017,1,,,,,0,0,10,,,Loiyangalani,,,,,
14112,7,,,,Aug/Sept 2019,1,,,,,8,0,10,,,Loiyangalani,,,,,
14114,3,0,1,Jan-Feb current year,,1,341,,,Yes,0,0,10,Loiyangalani,,,,No,,,
14115,2,,1,Jan-Feb current year,,2,488,No,,,0,0,10,,,,,,,,
14115,3,1,1,Jan-Feb current year,,1,341,,,,0,0,10,Loiyangalani,,,,No,,,
14115,7,,,,Jan/Feb 2017,1,,,,,0,0,10,,,Loiyangalani,,,,,
14115,7,,,,Jan/Feb 2018,1,,,,,0,0,10,,,Loiyangalani,,,,,
14125,2,,1,Jan-Feb current year,,1,488,No,,,0,0,10,,,,,,,,
14125,5,0,1,Aug-Sept current year,,1,480,,,Yes,0,0,5,Loiyangalani,,,10%,,,,
14125,7,,,,Aug/Sept 2012,1,,,,,0,0,5,,,Loiyangalani,,,,,
14125,7,,,,Aug/Sept 2013,1,,,,,0,0,5,,,Loiyangalani,,,,,
14129,2,,1,Jan-Feb current year,,2,7120,No,,,10,0,50,,,,,,,,
14129,3,0,1,Jan-Feb current year,,2,74238,,,,10,0,50,Loiyangalani,,,,No,,,
14129,3,0,2,Aug-Sept current year,,2,.b,,,,.b,.b,.b,Loiyangalani,,,,,,,
14130,6,0,1,Jan-Feb current year,,1,10000,,,,5,2,5,,Loiyangalani,,,,,,
14130,6,0,2,Aug-Sept current year,,1,8000,,,,3,2,10,,Loiyangalani,,,,,,
15001,2,,1,Jan-Feb current year,,2,488,No,,,1,0,0,,,,,,,,
15001,3,0,1,Jan-Feb current year,,2,585,,,Yes,3,0,0,Laisamis,,,,No,,,
15001,7,,,,I don't know,2,,,,,2,1,10,,,Laisamis,,,,,
15002,3,0,1,Aug-Sept current year,,1,390,,,Yes,2,0,0,Laisamis,,,,,,,
15002,4,0,1,Aug-Sept current year,,2,390,Yes,I don't know,,2,0,0,Laisamis,,,,,,,
15002,7,,,,Aug/Sept 2012,1,,,,,2,0,0,,,Laisamis,,,,,
15003,2,,1,Jan-Feb current year,,2,244,Yes,50%,,2,0,0,,,,,,,,
15003,3,0,1,Jan-Feb current year,,2,244,,,Yes,1,0,0,Laisamis,,,,No,,,
15003,5,0,1,Jan-Feb current year,,1,750,,,Yes,2,0,0,Laisamis,,,15%,,,,
15006,3,0,1,Aug-Sept current year,,1,390,,,Yes,1,0,0,Laisamis,,,,,,,
15007,2,,1,Jan-Feb current year,,1,975,No,,,2,0,0,,,,,,,,
15008,3,0,1,Aug-Sept current year,,1,586,,,Yes,2,0,0,Laisamis,,,,,,,
15009,3,0,1,Aug-Sept current year,,1,487,,,,1,0,0,Laisamis,,,,,,,
15010,2,,1,Jan-Feb current year,,2,488,Yes,I don't know,,1,0,0,,,,,,,,
15010,3,0,1,Jan-Feb current year,,2,488,,,,1,0,0,Laisamis,,,,No,,,
15010,3,0,2,Aug-Sept current year,,2,976,,,,2,0,0,Laisamis,,,,,,,
15012,3,0,1,Jan-Feb current year,,1,585,,,Yes,2,0,0,Laisamis,,,,No,,,
15013,3,0,1,Aug-Sept current year,,2,390,,,Yes,2,0,0,Laisamis,,,,,,,
15013,4,0,1,Aug-Sept current year,,2,490,No,,,1,0,0,Central and Gadamoji,,,,,,,
15013,7,,,,I don't know,1,,,,,0,0,0,,,Laisamis,,,,,
15013,7,,,,Aug/Sept 2011,1,,,,,0,0,0,,,Laisamis,,,,,
15013,7,,,,Jan/Feb 2012,1,,,,,0,0,0,,,Laisamis,,,,,
15016,4,0,1,Aug-Sept current year,,1,483,Yes,50%,,2,0,0,Laisamis,,,,,,,
15018,2,,1,Jan-Feb current year,,2,390,Yes,20%,,1,0,0,,,,,,,,
15018,3,0,1,Aug-Sept current year,,1,434,,,Yes,1,0,0,Laisamis,,,,,,,
15018,6,0,1,Aug-Sept current year,,2,300,,,,0,0,2,,Laisamis,,,,,,
15019,3,0,1,Aug-Sept current year,,1,342,,,No,1,0,0,Laisamis,,,,,,,
15019,5,0,1,Jan-Feb current year,,1,485,,,Yes,1,0,0,Laisamis,,,I don't know,,,,
15020,3,0,1,Aug-Sept current year,,1,488,,,,1,0,0,Laisamis,,,,,,,
15024,7,,,,Aug/Sept 2011,2,,,,,2,0,0,,,Laisamis,,,,,
15025,2,,1,Jan-Feb current year,,2,488,No,,,1,0,0,,,,,,,,
15025,3,0,1,Jan-Feb current year,,2,440,,,Yes,1,0,0,Laisamis,,,,No,,,
15026,3,0,1,Jan-Feb current year,,2,488,,,,1,0,0,Laisamis,,,,No,,,
15026,5,0,1,Aug-Sept current year,,1,988,,,No,2,0,0,Laisamis,,,I don't know,,,,
15027,7,,,,Aug/Sept 2011,1,,,,,30,0,0,,,Laisamis,,,,,
15028,2,,1,Jan-Feb current year,,2,2100,Yes,30%,,1,.b,10,,,,,,,,
15030,3,0,1,Aug-Sept current year,,2,390,,,Yes,1,0,0,Laisamis,,,,,,,
15030,7,,,,I don't know,1,,,,,2,0,0,,,Laisamis,,,,,
15033,3,0,1,Jan-Feb current year,,2,488,,,No,1,0,0,Laisamis,,,,No,,,
15033,3,0,2,Aug-Sept current year,,2,488,,,,1,0,0,Laisamis,,,,,,,
15033,4,0,1,Aug-Sept current year,,1,750,Yes,30%,,1,0,0,Laisamis,,,,,,,
15033,5,0,1,Jan-Feb current year,,1,650,,,Yes,4,0,0,Laisamis,,,15%,,,,
15035,3,0,1,Aug-Sept current year,,1,488,,,No,2,0,0,Laisamis,,,,,,,
15037,3,0,1,Aug-Sept current year,,2,500,,,Yes,1,0,0,Laisamis,,,,,,,
15038,3,0,1,Aug-Sept current year,,1,488,,,,1,0,0,Laisamis,,,,,,,
15041,4,0,1,Aug-Sept current year,,2,488,Yes,50%,,0,0,1,Laisamis,,,,,,,
15041,7,,,,Aug/Sept 2011,1,,,,,0,1,0,,,Laisamis,,,,,
15042,3,0,1,Aug-Sept current year,,1,488,,,,1,0,0,Laisamis,,,,,,,
15046,3,0,1,Aug-Sept current year,,2,292,,,No,1,0,0,Laisamis,,,,,,,
15046,7,,,,I don't know,1,,,,,1,1,0,,,Laisamis,,,,,
15047,3,0,1,Aug-Sept current year,,1,360,,,Yes,2,0,0,Laisamis,,,,,,,
15050,2,,1,Jan-Feb current year,,1,408,Yes,I don't know,,4,0,5,,,,,,,,
15050,3,0,1,Jan-Feb current year,,2,487,,,,1,0,0,Laisamis,,,,No,,,
16002,2,,1,Jan-Feb current year,,1,585,Yes,60%,,0,0,30,,,,,,,,
16003,2,,1,Jan-Feb current year,,2,585,Yes,40%,,2,0,0,,,,,,,,
16010,2,,1,Jan-Feb current year,,1,488,Yes,50%,,2,0,0,,,,,,,,
16010,7,,,,Jan/Feb 2015,1,,,,,1,0,0,,,Laisamis,,,,,
16011,2,,1,Jan-Feb current year,,1,683,Yes,30%,,2,0,0,,,,,,,,
16013,2,,1,Jan-Feb current year,,1,440,Yes,10%,,1,0,0,,,,,,,,
16013,3,0,1,Aug-Sept current year,,1,341,,,,1,0,0,Loiyangalani,,,,,,,
16014,7,,,,Aug/Sept 2014,1,,,,,0,0,3,,,Laisamis,,,,,
16015,2,,1,Jan-Feb current year,,1,920,Yes,I don't know,,0,0,20,,,,,,,,
16017,2,,1,Jan-Feb current year,,2,400,Yes,I don't know,,0,0,10,,,,,,,,
16018,2,,1,Jan-Feb current year,,1,585,Yes,60%,,2,0,10,,,,,,,,
16019,2,,1,Jan-Feb current year,,1,440,Yes,10%,,1,0,0,,,,,,,,
16021,2,,1,Jan-Feb current year,,1,731,Yes,50%,,3,0,0,,,,,,,,
16023,2,,1,Jan-Feb current year,,2,390,Yes,60%,,2,0,0,,,,,,,,
16024,2,,1,Jan-Feb current year,,1,683,Yes,I don't know,,1,0,1,,,,,,,,
16025,2,,1,Jan-Feb current year,,1,585,Yes,40%,,2,0,0,,,,,,,,
16026,7,,,,Aug/Sept 2016,2,,,,,2,0,10,,,Laisamis,,,,,
16026,7,,,,Aug/Sept 2017,2,,,,,2,0,10,,,Laisamis,,,,,
16028,2,,1,Jan-Feb current year,,1,976,No,,,2,0,0,,,,,,,,
16028,3,0,1,Jan-Feb current year,,1,1000,,,Yes,3,0,0,Laisamis,,,,Yes,2,November,1350
16029,2,,1,Jan-Feb current year,,1,488,No,,,1,0,0,,,,,,,,
16034,2,,1,Jan-Feb current year,,1,488,No,,,1,0,0,,,,,,,,
16034,7,,,,Jan/Feb 2014,2,,,,,0,2,0,,,Laisamis,,,,,
16035,2,,1,Jan-Feb current year,,1,488,No,,,0,0,10,,,,,,,,
16037,2,,1,Jan-Feb current year,,2,732,Yes,50%,,3,0,0,,,,,,,,
16037,4,0,1,Aug-Sept current year,,1,480,Yes,40%,,3,0,0,Laisamis,,,,,,,
16040,2,,1,Jan-Feb current year,,1,1872,Yes,20%,,0,2,40,,,,,,,,
16040,3,0,1,Jan-Feb current year,,14,2342,,,Yes,10,0,20,Loiyangalani,,,,Yes,31,October,4500
16040,3,0,2,Aug-Sept current year,,14,1950,,,Yes,10,0,0,Loiyangalani,,,,,,,
16042,2,,1,Jan-Feb current year,,2,488,Yes,50%,,0,0,20,,,,,,,,
16043,2,,1,Jan-Feb current year,,2,439,Yes,10%,,1,0,0,,,,,,,,
16046,2,,1,Jan-Feb current year,,1,438,Yes,10%,,1,0,0,,,,,,,,
16046,7,,,,Aug/Sept 2010,1,,,,,0,1,0,,,Laisamis,,,,,
