hhid,round,game,discount_jan_2010,discount_jan_2011,discount_aug_2011,discount_aug_2012,discount_jan_2013,discount_aug_2013
1002,2,0,0,,,,,
1002,3,,,0,30,,,
1002,4,,,,,60,,
1002,5,,,,,,0,0
1003,2,0,10,,,,,
1003,3,,,20,50,,,
1003,4,,,,,10,,
1003,5,,,,,,0,10
1004,2,0,50,,,,,
1004,3,,,20,20,,,
1004,4,,,,,50,,
1004,5,,,,,,0,80
1005,2,0,20,,,,,
1005,3,,,0,60,,,
1005,4,,,,,0,,
1005,5,,,,,,0,0
1006,2,0,0,,,,,
1006,3,,,50,60,,,
1006,4,,,,,20,,
1006,5,,,,,,30,80
1007,2,0,0,,,,,
1007,3,,,0,0,,,
1007,4,,,,,60,,
1007,5,,,,,,60,40
1008,2,0,40,,,,,
1008,3,,,30,30,,,
1008,4,,,,,50,,
1008,5,,,,,,0,70
1009,2,0,0,,,,,
1009,3,,,50,40,,,
1009,4,,,,,10,,
1009,5,,,,,,60,10
1010,2,0,0,,,,,
1010,3,,,40,0,,,
1010,4,,,,,30,,
1010,5,,,,,,0,40
1011,2,0,30,,,,,
1011,3,,,0,0,,,
1011,4,,,,,0,,
1011,5,,,,,,0,20
1012,2,0,40,,,,,
1012,3,,,30,20,,,
1012,4,,,,,40,,
1012,5,,,,,,10,30
1013,2,0,10,,,,,
1013,3,,,50,10,,,
1013,4,,,,,30,,
1013,5,,,,,,40,80
1014,2,0,50,,,,,
1014,3,,,60,0,,,
1014,4,,,,,60,,
1014,5,,,,,,0,0
1015,2,0,0,,,,,
1015,3,,,20,50,,,
1015,4,,,,,10,,
1015,5,,,,,,40,0
1016,2,0,30,,,,,
1016,3,,,0,0,,,
1016,4,,,,,0,,
1016,5,,,,,,0,20
1017,2,0,10,,,,,
1017,3,,,30,40,,,
1017,4,,,,,0,,
1017,5,,,,,,10,0
1018,2,0,0,,,,,
1018,3,,,50,60,,,
1018,4,,,,,0,,
1018,5,,,,,,10,40
1019,2,0,60,,,,,
1019,3,,,0,0,,,
1019,4,,,,,30,,
1019,5,,,,,,0,50
1020,2,0,60,,,,,
1020,3,,,60,20,,,
1021,2,0,0,,,,,
1021,3,,,60,30,,,
1021,4,,,,,50,,
1021,5,,,,,,40,60
1022,2,0,0,,,,,
1022,3,,,40,30,,,
1022,4,,,,,40,,
1022,5,,,,,,50,20
1023,2,0,0,,,,,
1023,3,,,0,10,,,
1023,4,,,,,40,,
1023,5,,,,,,50,40
1024,2,0,40,,,,,
1024,3,,,0,20,,,
1024,4,,,,,40,,
1024,5,,,,,,20,0
1025,2,0,40,,,,,
1025,3,,,0,0,,,
1025,4,,,,,0,,
1025,5,,,,,,60,20
1026,2,0,0,,,,,
1026,3,,,10,40,,,
1026,4,,,,,20,,
1026,5,,,,,,50,50
1027,2,0,10,,,,,
1027,3,,,0,0,,,
1027,4,,,,,0,,
1027,5,,,,,,0,40
1029,2,0,20,,,,,
1029,3,,,30,50,,,
1029,4,,,,,30,,
1029,5,,,,,,0,60
1031,2,0,60,,,,,
1031,3,,,40,40,,,
1031,4,,,,,0,,
1031,5,,,,,,20,10
1032,2,0,30,,,,,
1032,3,,,0,0,,,
1032,4,,,,,0,,
1032,5,,,,,,0,80
1033,2,0,0,,,,,
1033,3,,,0,0,,,
1033,4,,,,,20,,
1033,5,,,,,,60,80
1034,2,0,20,,,,,
1034,3,,,0,50,,,
1034,4,,,,,60,,
1034,5,,,,,,30,0
1035,2,0,0,,,,,
1035,3,,,0,0,,,
1035,4,,,,,0,,
1035,5,,,,,,0,30
1036,2,0,50,,,,,
1036,3,,,0,0,,,
1036,4,,,,,0,,
1036,5,,,,,,10,50
1037,2,0,0,,,,,
1037,3,,,0,0,,,
1037,4,,,,,0,,
1037,5,,,,,,0,30
1038,2,0,0,,,,,
1038,3,,,10,0,,,
1038,4,,,,,20,,
1038,5,,,,,,30,30
1039,2,0,20,,,,,
1039,3,,,20,60,,,
1039,4,,,,,50,,
1039,5,,,,,,20,70
1042,4,,,,,0,,
1042,5,,,,,,30,50
1043,2,0,30,,,,,
1043,3,,,10,0,,,
1043,4,,,,,0,,
1043,5,,,,,,50,0
1045,2,0,60,,,,,
1045,3,,,10,10,,,
1045,4,,,,,0,,
1045,5,,,,,,40,70
1047,2,0,0,,,,,
1047,3,,,40,10,,,
1047,4,,,,,0,,
1047,5,,,,,,20,60
2001,2,1,40,,,,,
2001,3,,,30,0,,,
2001,4,,,,,60,,
2001,5,,,,,,0,0
2002,2,1,50,,,,,
2002,3,,,40,50,,,
2002,4,,,,,0,,
2002,5,,,,,,0,60
2003,2,0,50,,,,,
2004,2,1,0,,,,,
2004,3,,,20,0,,,
2004,4,,,,,30,,
2004,5,,,,,,0,0
2005,2,1,0,,,,,
2005,3,,,50,20,,,
2005,4,,,,,10,,
2005,5,,,,,,40,80
2006,2,1,0,,,,,
2007,2,1,50,,,,,
2007,3,,,0,60,,,
2007,4,,,,,60,,
2007,5,,,,,,40,70
2008,2,0,0,,,,,
2008,3,,,0,0,,,
2008,4,,,,,50,,
2008,5,,,,,,10,50
2009,2,1,0,,,,,
2009,3,,,30,10,,,
2009,4,,,,,50,,
2009,5,,,,,,50,20
2010,2,0,0,,,,,
2010,3,,,0,0,,,
2010,4,,,,,0,,
2010,5,,,,,,10,10
2011,2,0,0,,,,,
2011,3,,,60,0,,,
2011,4,,,,,0,,
2011,5,,,,,,60,50
2012,2,0,0,,,,,
2012,3,,,0,0,,,
2012,4,,,,,0,,
2012,5,,,,,,30,0
2013,2,1,60,,,,,
2013,3,,,30,0,,,
2013,4,,,,,20,,
2013,5,,,,,,60,10
2015,2,1,40,,,,,
2015,3,,,0,40,,,
2015,4,,,,,20,,
2015,5,,,,,,60,40
2016,2,0,0,,,,,
2016,3,,,0,0,,,
2016,4,,,,,10,,
2016,5,,,,,,0,20
2017,2,0,0,,,,,
2018,2,1,20,,,,,
2018,3,,,0,60,,,
2018,4,,,,,40,,
2018,5,,,,,,60,0
2019,2,0,60,,,,,
2019,3,,,0,0,,,
2019,4,,,,,40,,
2019,5,,,,,,0,70
2020,2,0,10,,,,,
2020,3,,,0,50,,,
2020,4,,,,,30,,
2020,5,,,,,,10,50
2021,2,0,0,,,,,
2021,3,,,20,40,,,
2021,4,,,,,10,,
2021,5,,,,,,50,60
2022,2,0,60,,,,,
2022,3,,,0,10,,,
2022,4,,,,,0,,
2022,5,,,,,,50,80
2023,2,1,20,,,,,
2023,3,,,0,10,,,
2023,4,,,,,50,,
2023,5,,,,,,0,30
2024,2,0,0,,,,,
2024,3,,,0,30,,,
2024,4,,,,,0,,
2024,5,,,,,,50,60
2025,2,1,50,,,,,
2025,3,,,10,60,,,
2025,4,,,,,30,,
2025,5,,,,,,40,0
2026,2,0,30,,,,,
2026,3,,,50,0,,,
2026,4,,,,,0,,
2026,5,,,,,,40,0
2027,2,0,30,,,,,
2027,3,,,10,30,,,
2027,4,,,,,20,,
2027,5,,,,,,0,0
2028,2,0,50,,,,,
2028,3,,,20,0,,,
2028,4,,,,,30,,
2028,5,,,,,,0,60
2029,2,1,60,,,,,
2029,3,,,60,50,,,
2029,4,,,,,50,,
2029,5,,,,,,60,60
2030,2,1,0,,,,,
2030,3,,,0,0,,,
2030,4,,,,,20,,
2030,5,,,,,,0,20
2031,2,0,10,,,,,
2031,3,,,0,0,,,
2031,4,,,,,0,,
2031,5,,,,,,0,70
2032,2,0,20,,,,,
2032,3,,,0,40,,,
2032,4,,,,,30,,
2032,5,,,,,,50,50
2033,2,1,10,,,,,
2033,3,,,0,10,,,
2033,4,,,,,0,,
2033,5,,,,,,60,10
2034,2,0,0,,,,,
2034,3,,,0,60,,,
2034,4,,,,,30,,
2034,5,,,,,,40,0
2035,2,1,30,,,,,
2035,3,,,60,30,,,
2035,4,,,,,40,,
2035,5,,,,,,0,10
2036,2,1,0,,,,,
2036,3,,,30,60,,,
2036,4,,,,,0,,
2036,5,,,,,,20,10
2037,2,1,0,,,,,
2037,3,,,0,30,,,
2037,4,,,,,50,,
2037,5,,,,,,0,50
2038,2,1,30,,,,,
2038,3,,,20,10,,,
2038,4,,,,,10,,
2038,5,,,,,,50,40
2039,2,0,0,,,,,
2039,3,,,40,0,,,
2039,4,,,,,60,,
2039,5,,,,,,0,0
2040,2,0,10,,,,,
2040,3,,,40,30,,,
2040,4,,,,,40,,
2040,5,,,,,,0,40
2041,2,0,40,,,,,
2041,3,,,0,0,,,
2041,4,,,,,0,,
2041,5,,,,,,0,60
2042,2,0,0,,,,,
2043,2,1,0,,,,,
2043,3,,,40,0,,,
2043,4,,,,,0,,
2043,5,,,,,,0,60
2044,2,1,0,,,,,
2044,3,,,10,50,,,
2044,4,,,,,20,,
2044,5,,,,,,40,30
2045,2,1,50,,,,,
2045,3,,,10,60,,,
2045,4,,,,,0,,
2045,5,,,,,,0,40
2046,2,0,10,,,,,
2046,3,,,50,10,,,
2046,4,,,,,60,,
2046,5,,,,,,40,40
2047,2,0,10,,,,,
2047,3,,,20,60,,,
2047,4,,,,,0,,
2047,5,,,,,,0,70
2048,2,0,0,,,,,
2048,3,,,0,50,,,
2048,4,,,,,30,,
2048,5,,,,,,0,30
2049,2,1,0,,,,,
2049,3,,,30,0,,,
2049,4,,,,,60,,
2049,5,,,,,,20,30
2050,2,0,20,,,,,
2050,3,,,10,40,,,
2050,4,,,,,0,,
2050,5,,,,,,0,40
2051,2,1,20,,,,,
2051,3,,,50,10,,,
2051,4,,,,,20,,
2051,5,,,,,,20,60
2052,2,1,20,,,,,
2052,3,,,0,50,,,
2052,4,,,,,0,,
2052,5,,,,,,40,80
2053,2,0,0,,,,,
2053,4,,,,,0,,
2053,5,,,,,,0,20
2054,2,0,10,,,,,
2054,3,,,0,0,,,
2054,4,,,,,0,,
2054,5,,,,,,10,0
2055,2,1,40,,,,,
2055,3,,,0,10,,,
2055,4,,,,,0,,
2055,5,,,,,,0,0
2056,2,1,10,,,,,
2056,3,,,30,30,,,
2056,4,,,,,40,,
2056,5,,,,,,0,80
2057,2,1,20,,,,,
2057,3,,,20,20,,,
2057,4,,,,,10,,
2057,5,,,,,,40,70
2058,2,0,40,,,,,
2058,3,,,0,0,,,
2058,4,,,,,0,,
2059,2,1,0,,,,,
2059,3,,,0,50,,,
2059,4,,,,,60,,
2059,5,,,,,,60,80
2060,2,0,60,,,,,
2060,3,,,10,60,,,
2060,4,,,,,60,,
2060,5,,,,,,30,30
2061,2,1,40,,,,,
2061,3,,,0,30,,,
2061,4,,,,,50,,
2061,5,,,,,,10,50
2062,2,1,0,,,,,
2062,3,,,0,40,,,
2062,4,,,,,0,,
2062,5,,,,,,20,20
2063,2,0,0,,,,,
2063,3,,,40,0,,,
2063,4,,,,,40,,
2063,5,,,,,,0,70
2064,2,0,50,,,,,
2064,3,,,0,0,,,
2065,2,1,0,,,,,
2065,3,,,50,20,,,
2065,4,,,,,0,,
2065,5,,,,,,20,0
2066,2,0,0,,,,,
2066,3,,,30,30,,,
2066,4,,,,,10,,
2066,5,,,,,,0,60
2067,2,1,30,,,,,
2068,2,0,10,,,,,
2068,3,,,0,0,,,
2068,4,,,,,0,,
2068,5,,,,,,60,10
2069,2,0,0,,,,,
2069,3,,,10,20,,,
2069,4,,,,,50,,
2069,5,,,,,,0,10
2070,2,1,30,,,,,
2070,3,,,40,0,,,
2070,4,,,,,0,,
2070,5,,,,,,0,20
2071,2,1,40,,,,,
2071,3,,,60,20,,,
2071,4,,,,,60,,
2071,5,,,,,,0,50
2072,2,1,30,,,,,
2072,3,,,50,60,,,
2072,4,,,,,20,,
2072,5,,,,,,30,80
2073,2,0,10,,,,,
2073,3,,,20,0,,,
2073,4,,,,,20,,
2073,5,,,,,,50,10
2074,2,1,60,,,,,
2074,3,,,60,0,,,
2074,4,,,,,10,,
2074,5,,,,,,0,0
2075,2,1,20,,,,,
2075,3,,,20,0,,,
2075,4,,,,,0,,
2075,5,,,,,,0,40
2076,2,0,0,,,,,
2076,3,,,0,50,,,
2076,4,,,,,60,,
2076,5,,,,,,0,0
2077,2,0,60,,,,,
2077,3,,,0,50,,,
2077,4,,,,,0,,
2077,5,,,,,,50,10
2078,2,0,0,,,,,
2078,3,,,40,40,,,
2078,4,,,,,0,,
2078,5,,,,,,20,30
2079,2,1,50,,,,,
2079,3,,,50,0,,,
2079,4,,,,,0,,
2079,5,,,,,,0,0
2080,2,0,20,,,,,
2080,3,,,50,20,,,
2080,4,,,,,10,,
2080,5,,,,,,30,0
2081,2,1,30,,,,,
2081,3,,,60,0,,,
2081,4,,,,,20,,
2081,5,,,,,,10,80
2082,2,1,50,,,,,
2082,3,,,0,0,,,
2082,4,,,,,40,,
2082,5,,,,,,20,50
2083,2,1,0,,,,,
2083,3,,,60,40,,,
2083,4,,,,,50,,
2083,5,,,,,,50,40
2084,2,1,60,,,,,
2084,3,,,60,50,,,
2084,4,,,,,40,,
2084,5,,,,,,30,60
2086,2,1,40,,,,,
2086,3,,,30,20,,,
2086,4,,,,,10,,
2086,5,,,,,,30,30
2088,2,0,40,,,,,
2088,3,,,20,0,,,
2088,4,,,,,0,,
2088,5,,,,,,40,70
2089,2,0,40,,,,,
2089,3,,,60,40,,,
2089,4,,,,,0,,
2089,5,,,,,,30,0
2090,2,0,60,,,,,
2090,3,,,40,10,,,
2090,4,,,,,30,,
2090,5,,,,,,0,30
2091,2,1,0,,,,,
2091,3,,,10,0,,,
2091,4,,,,,10,,
2091,5,,,,,,30,30
2092,2,0,0,,,,,
2092,3,,,0,20,,,
2092,4,,,,,50,,
2092,5,,,,,,50,0
2093,2,0,30,,,,,
2093,3,,,0,60,,,
2093,4,,,,,50,,
2093,5,,,,,,10,70
2094,2,1,20,,,,,
2094,3,,,0,0,,,
2094,4,,,,,0,,
2094,5,,,,,,0,80
2095,5,,,,,,0,0
2096,2,0,0,,,,,
2096,3,,,0,40,,,
2096,4,,,,,0,,
2096,5,,,,,,10,80
2097,2,0,60,,,,,
2097,3,,,40,20,,,
2097,4,,,,,30,,
2097,5,,,,,,0,50
2098,3,,,0,0,,,
2098,4,,,,,20,,
2098,5,,,,,,20,0
2099,2,0,0,,,,,
2099,3,,,50,0,,,
2099,4,,,,,0,,
2099,5,,,,,,0,80
2100,2,0,0,,,,,
2100,3,,,50,40,,,
2102,2,0,0,,,,,
2102,3,,,0,30,,,
2102,4,,,,,0,,
2102,5,,,,,,60,70
2103,2,0,0,,,,,
2103,3,,,30,20,,,
2103,4,,,,,0,,
2103,5,,,,,,10,20
2106,3,,,0,0,,,
2106,4,,,,,40,,
2106,5,,,,,,0,40
2110,3,,,0,0,,,
2110,4,,,,,0,,
2110,5,,,,,,0,20
2111,3,,,0,0,,,
2111,4,,,,,0,,
2111,5,,,,,,20,20
2112,3,,,0,0,,,
2112,4,,,,,40,,
2112,5,,,,,,10,70
2114,3,,,0,0,,,
2114,4,,,,,0,,
2114,5,,,,,,20,10
2126,4,,,,,0,,
2126,5,,,,,,60,30
3001,2,0,50,,,,,
3001,3,,,50,60,,,
3001,4,,,,,0,,
3001,5,,,,,,0,0
3002,2,0,0,,,,,
3002,3,,,50,0,,,
3002,4,,,,,0,,
3002,5,,,,,,0,50
3003,2,0,50,,,,,
3003,3,,,10,30,,,
3003,4,,,,,0,,
3003,5,,,,,,0,20
3005,2,0,0,,,,,
3005,3,,,60,50,,,
3006,2,0,60,,,,,
3006,3,,,40,50,,,
3006,4,,,,,20,,
3006,5,,,,,,60,50
3007,2,0,60,,,,,
3007,3,,,20,20,,,
3007,4,,,,,0,,
3007,5,,,,,,0,50
3008,2,0,10,,,,,
3008,3,,,0,10,,,
3008,4,,,,,40,,
3008,5,,,,,,50,40
3009,2,0,0,,,,,
3009,3,,,0,0,,,
3009,4,,,,,60,,
3009,5,,,,,,30,40
3010,2,0,0,,,,,
3010,3,,,0,20,,,
3010,4,,,,,0,,
3010,5,,,,,,20,70
3011,2,0,0,,,,,
3011,3,,,60,0,,,
3011,4,,,,,30,,
3011,5,,,,,,10,0
3012,2,0,0,,,,,
3012,3,,,30,0,,,
3012,4,,,,,40,,
3012,5,,,,,,40,30
3013,2,0,20,,,,,
3013,3,,,20,0,,,
3013,4,,,,,30,,
3013,5,,,,,,0,30
3015,2,0,0,,,,,
3015,3,,,20,30,,,
3015,4,,,,,0,,
3015,5,,,,,,30,0
3016,2,0,40,,,,,
3016,3,,,0,20,,,
3016,4,,,,,50,,
3016,5,,,,,,40,70
3018,2,0,20,,,,,
3018,3,,,0,0,,,
3018,4,,,,,0,,
3018,5,,,,,,50,60
3019,2,0,30,,,,,
3019,3,,,0,0,,,
3019,4,,,,,0,,
3019,5,,,,,,20,40
3020,2,0,0,,,,,
3020,3,,,40,40,,,
3020,4,,,,,40,,
3020,5,,,,,,30,20
3021,2,0,10,,,,,
3021,3,,,30,0,,,
3021,4,,,,,50,,
3021,5,,,,,,40,20
3022,2,0,30,,,,,
3022,3,,,10,60,,,
3022,4,,,,,10,,
3022,5,,,,,,0,80
3023,2,0,60,,,,,
3023,3,,,10,0,,,
3023,4,,,,,0,,
3023,5,,,,,,0,80
3024,2,0,40,,,,,
3024,3,,,0,0,,,
3024,4,,,,,60,,
3024,5,,,,,,50,60
3026,2,0,50,,,,,
3026,3,,,50,60,,,
3026,4,,,,,30,,
3026,5,,,,,,0,10
3027,2,0,30,,,,,
3027,3,,,0,50,,,
3027,4,,,,,20,,
3027,5,,,,,,0,80
3028,2,0,10,,,,,
3028,3,,,0,30,,,
3028,4,,,,,0,,
3028,5,,,,,,20,0
3029,2,0,0,,,,,
3029,3,,,0,10,,,
3029,4,,,,,10,,
3029,5,,,,,,10,30
3030,2,0,40,,,,,
3030,3,,,0,40,,,
3030,4,,,,,0,,
3030,5,,,,,,60,10
3031,2,0,0,,,,,
3031,3,,,0,10,,,
3031,4,,,,,10,,
3031,5,,,,,,60,0
3033,2,0,0,,,,,
3033,3,,,30,0,,,
3033,4,,,,,20,,
3033,5,,,,,,0,60
3034,2,0,20,,,,,
3034,3,,,40,40,,,
3034,4,,,,,50,,
3034,5,,,,,,0,70
3035,2,0,0,,,,,
3035,3,,,0,0,,,
3035,4,,,,,0,,
3035,5,,,,,,10,10
3041,4,,,,,0,,
3041,5,,,,,,0,70
4001,2,0,0,,,,,
4001,3,,,60,60,,,
4001,4,,,,,10,,
4001,5,,,,,,0,10
4002,2,0,30,,,,,
4002,3,,,10,20,,,
4002,4,,,,,50,,
4002,5,,,,,,20,60
4004,2,0,60,,,,,
4004,3,,,40,0,,,
4004,4,,,,,0,,
4004,5,,,,,,0,50
4005,2,0,0,,,,,
4005,3,,,10,30,,,
4005,4,,,,,0,,
4005,5,,,,,,20,50
4006,2,0,0,,,,,
4006,3,,,60,0,,,
4007,2,0,10,,,,,
4007,3,,,50,50,,,
4007,4,,,,,0,,
4007,5,,,,,,30,0
4009,2,0,30,,,,,
4010,2,0,60,,,,,
4010,3,,,30,50,,,
4010,4,,,,,20,,
4010,5,,,,,,0,40
4011,2,0,30,,,,,
4011,3,,,0,40,,,
4011,4,,,,,0,,
4011,5,,,,,,30,0
4013,2,0,0,,,,,
4013,3,,,40,30,,,
4013,4,,,,,40,,
4013,5,,,,,,10,30
4014,2,0,50,,,,,
4014,3,,,10,30,,,
4014,4,,,,,20,,
4014,5,,,,,,40,60
4015,2,0,30,,,,,
4015,3,,,0,0,,,
4019,2,0,0,,,,,
4019,3,,,0,0,,,
4019,4,,,,,10,,
4019,5,,,,,,50,10
4020,2,0,0,,,,,
4020,3,,,0,60,,,
4020,4,,,,,60,,
4020,5,,,,,,0,0
4021,2,0,40,,,,,
4021,3,,,20,0,,,
4021,4,,,,,60,,
4021,5,,,,,,0,60
4022,2,0,0,,,,,
4022,3,,,0,0,,,
4022,4,,,,,0,,
4022,5,,,,,,0,0
4023,2,0,0,,,,,
4023,3,,,20,30,,,
4023,4,,,,,20,,
4023,5,,,,,,0,20
4024,2,0,20,,,,,
4024,3,,,0,10,,,
4024,4,,,,,10,,
4024,5,,,,,,20,60
4025,2,0,0,,,,,
4025,3,,,60,20,,,
4025,4,,,,,50,,
4025,5,,,,,,30,70
4026,2,0,40,,,,,
4026,3,,,30,0,,,
4026,4,,,,,30,,
4026,5,,,,,,0,20
4027,2,0,0,,,,,
4027,3,,,20,40,,,
4027,4,,,,,40,,
4027,5,,,,,,30,40
4028,2,0,0,,,,,
4028,3,,,0,0,,,
4028,4,,,,,20,,
4028,5,,,,,,0,50
4029,2,0,20,,,,,
4029,3,,,40,0,,,
4029,4,,,,,50,,
4029,5,,,,,,0,50
4030,2,0,0,,,,,
4030,3,,,60,10,,,
4030,4,,,,,0,,
4030,5,,,,,,0,70
4031,2,0,20,,,,,
4031,3,,,0,30,,,
4031,4,,,,,10,,
4031,5,,,,,,40,20
4032,2,0,60,,,,,
4032,3,,,50,0,,,
4032,4,,,,,30,,
4032,5,,,,,,10,0
4033,2,0,60,,,,,
4033,3,,,0,30,,,
4033,4,,,,,0,,
4033,5,,,,,,60,0
4034,2,0,40,,,,,
4034,3,,,20,60,,,
4034,4,,,,,30,,
4035,2,0,10,,,,,
4035,3,,,0,0,,,
4035,4,,,,,0,,
4035,5,,,,,,0,70
4037,2,0,0,,,,,
4037,3,,,0,20,,,
4037,4,,,,,0,,
4037,5,,,,,,60,0
4038,2,0,40,,,,,
4038,3,,,20,0,,,
4038,4,,,,,30,,
4038,5,,,,,,60,50
4039,2,0,60,,,,,
4039,3,,,0,0,,,
4039,4,,,,,0,,
4039,5,,,,,,60,40
4040,2,0,0,,,,,
4040,3,,,0,0,,,
4040,4,,,,,0,,
4040,5,,,,,,0,10
4041,2,0,0,,,,,
4041,3,,,0,60,,,
4041,4,,,,,40,,
4041,5,,,,,,0,80
4042,2,0,60,,,,,
4042,3,,,0,40,,,
4042,4,,,,,60,,
4042,5,,,,,,20,20
4043,2,0,40,,,,,
4043,3,,,10,0,,,
4043,4,,,,,0,,
4043,5,,,,,,50,80
4044,2,0,10,,,,,
4044,3,,,0,10,,,
4044,4,,,,,60,,
4044,5,,,,,,0,0
4045,2,0,0,,,,,
4045,3,,,10,40,,,
4045,4,,,,,0,,
4045,5,,,,,,30,30
4047,2,0,10,,,,,
4048,2,0,60,,,,,
4048,3,,,50,30,,,
4048,4,,,,,0,,
4048,5,,,,,,10,10
4049,2,0,0,,,,,
4049,3,,,0,60,,,
4049,4,,,,,0,,
4049,5,,,,,,20,50
4050,2,0,50,,,,,
4050,3,,,30,0,,,
4050,4,,,,,0,,
4050,5,,,,,,60,40
4051,2,0,50,,,,,
4051,3,,,0,0,,,
4051,4,,,,,60,,
4051,5,,,,,,10,50
4052,2,0,10,,,,,
4052,3,,,30,0,,,
4052,4,,,,,0,,
4052,5,,,,,,10,20
4053,2,0,0,,,,,
4053,3,,,0,10,,,
4053,4,,,,,20,,
4053,5,,,,,,50,0
4054,2,0,0,,,,,
4054,3,,,50,20,,,
4054,4,,,,,50,,
4054,5,,,,,,0,40
4055,2,0,60,,,,,
4055,3,,,0,10,,,
4055,4,,,,,60,,
4055,5,,,,,,40,30
4056,2,0,20,,,,,
4056,3,,,40,10,,,
4056,4,,,,,10,,
4056,5,,,,,,30,20
4057,2,0,10,,,,,
4057,3,,,10,50,,,
4057,4,,,,,30,,
4057,5,,,,,,50,70
4058,2,0,20,,,,,
4058,3,,,60,50,,,
4058,4,,,,,50,,
4058,5,,,,,,30,0
4059,2,0,50,,,,,
4059,3,,,0,20,,,
4059,4,,,,,0,,
4059,5,,,,,,10,30
4060,2,0,0,,,,,
4060,3,,,50,30,,,
4060,4,,,,,20,,
4060,5,,,,,,20,0
4062,2,0,0,,,,,
4062,4,,,,,0,,
4062,5,,,,,,0,20
4063,2,0,0,,,,,
4063,3,,,50,60,,,
4063,4,,,,,0,,
4063,5,,,,,,0,40
4064,2,0,40,,,,,
4064,3,,,0,10,,,
4064,4,,,,,40,,
4064,5,,,,,,0,70
4065,2,0,50,,,,,
4066,2,0,0,,,,,
4066,3,,,0,0,,,
4066,4,,,,,10,,
4066,5,,,,,,0,0
4068,2,0,10,,,,,
4068,3,,,50,0,,,
4068,4,,,,,0,,
4068,5,,,,,,20,30
4069,2,0,0,,,,,
4069,4,,,,,0,,
4069,5,,,,,,10,0
4070,2,0,50,,,,,
4070,3,,,50,40,,,
4070,4,,,,,0,,
4070,5,,,,,,0,40
4071,2,0,0,,,,,
4071,3,,,40,0,,,
4071,4,,,,,0,,
4071,5,,,,,,60,70
4073,2,0,30,,,,,
4073,3,,,0,0,,,
4073,4,,,,,10,,
4073,5,,,,,,0,0
4074,2,0,0,,,,,
4074,3,,,0,20,,,
4074,4,,,,,50,,
4074,5,,,,,,40,80
4075,2,0,40,,,,,
4075,3,,,60,0,,,
4075,4,,,,,0,,
4075,5,,,,,,0,80
4076,2,0,30,,,,,
4076,3,,,30,60,,,
4076,4,,,,,10,,
4076,5,,,,,,40,80
4078,2,0,10,,,,,
4078,3,,,0,60,,,
4078,4,,,,,60,,
4078,5,,,,,,50,70
4079,2,0,0,,,,,
4079,3,,,60,0,,,
4079,4,,,,,0,,
4079,5,,,,,,50,60
4082,2,0,0,,,,,
4082,3,,,20,20,,,
4082,4,,,,,40,,
4082,5,,,,,,10,80
4083,2,0,0,,,,,
4083,3,,,0,10,,,
4083,4,,,,,20,,
4083,5,,,,,,0,60
4084,2,0,0,,,,,
4084,3,,,30,50,,,
4084,4,,,,,50,,
4084,5,,,,,,60,10
4086,2,0,0,,,,,
4086,3,,,10,50,,,
4086,4,,,,,0,,
4086,5,,,,,,0,10
4087,2,0,0,,,,,
4087,3,,,0,40,,,
4087,4,,,,,40,,
4087,5,,,,,,0,50
4089,2,0,0,,,,,
4089,3,,,30,0,,,
4089,4,,,,,0,,
4089,5,,,,,,0,20
4090,2,0,0,,,,,
4090,3,,,20,0,,,
4090,4,,,,,30,,
4090,5,,,,,,60,10
4091,2,0,0,,,,,
4091,3,,,40,0,,,
4091,4,,,,,0,,
4091,5,,,,,,0,30
4095,2,0,0,,,,,
4095,3,,,0,0,,,
4095,4,,,,,0,,
4095,5,,,,,,40,0
4103,3,,,0,0,,,
4103,4,,,,,30,,
4103,5,,,,,,0,80
4107,3,,,0,0,,,
4107,4,,,,,50,,
4107,5,,,,,,0,80
4108,3,,,0,0,,,
4108,4,,,,,0,,
4108,5,,,,,,50,40
4110,3,,,0,0,,,
4110,4,,,,,60,,
4110,5,,,,,,40,70
4111,3,,,0,0,,,
4111,4,,,,,40,,
4111,5,,,,,,50,30
5001,2,0,50,,,,,
5001,3,,,40,0,,,
5001,4,,,,,20,,
5001,5,,,,,,0,30
5002,2,1,20,,,,,
5002,3,,,30,40,,,
5002,4,,,,,60,,
5002,5,,,,,,10,0
5005,2,1,20,,,,,
5005,3,,,60,40,,,
5005,4,,,,,20,,
5005,5,,,,,,30,0
5008,2,0,40,,,,,
5008,3,,,30,0,,,
5008,4,,,,,0,,
5008,5,,,,,,20,0
5009,2,1,0,,,,,
5009,3,,,10,60,,,
5009,4,,,,,0,,
5009,5,,,,,,0,10
5010,2,0,10,,,,,
5010,3,,,60,0,,,
5010,4,,,,,60,,
5010,5,,,,,,0,40
5011,2,0,20,,,,,
5011,3,,,0,60,,,
5011,4,,,,,20,,
5011,5,,,,,,30,40
5012,2,1,0,,,,,
5012,3,,,60,50,,,
5012,4,,,,,0,,
5012,5,,,,,,0,0
5013,2,1,40,,,,,
5013,3,,,10,30,,,
5013,4,,,,,30,,
5013,5,,,,,,0,10
5015,2,0,0,,,,,
5015,3,,,10,0,,,
5015,4,,,,,50,,
5015,5,,,,,,0,0
5016,2,0,40,,,,,
5016,3,,,50,30,,,
5016,4,,,,,0,,
5016,5,,,,,,40,50
5018,2,0,0,,,,,
5018,3,,,30,20,,,
5018,4,,,,,20,,
5018,5,,,,,,0,70
5019,2,1,20,,,,,
5019,3,,,0,10,,,
5019,4,,,,,10,,
5019,5,,,,,,0,80
5020,2,1,0,,,,,
5020,3,,,0,40,,,
5020,4,,,,,30,,
5020,5,,,,,,60,80
5021,2,1,40,,,,,
5021,3,,,50,10,,,
5021,4,,,,,40,,
5021,5,,,,,,50,0
5022,2,1,0,,,,,
5022,3,,,0,0,,,
5022,4,,,,,0,,
5022,5,,,,,,50,50
5024,2,1,10,,,,,
5024,3,,,20,30,,,
5024,4,,,,,30,,
5024,5,,,,,,60,0
5027,2,0,50,,,,,
5030,2,0,60,,,,,
5030,3,,,20,10,,,
5030,4,,,,,0,,
5030,5,,,,,,0,60
5031,2,0,10,,,,,
5031,3,,,10,30,,,
5031,4,,,,,40,,
5031,5,,,,,,0,50
5034,2,0,0,,,,,
5037,2,0,10,,,,,
5037,3,,,50,30,,,
5037,4,,,,,0,,
5037,5,,,,,,30,10
5038,2,0,0,,,,,
5038,3,,,20,0,,,
5038,4,,,,,20,,
5038,5,,,,,,10,0
5041,2,0,60,,,,,
5041,3,,,40,0,,,
5041,4,,,,,30,,
5041,5,,,,,,0,70
5043,2,0,50,,,,,
5043,3,,,0,60,,,
5043,4,,,,,0,,
5043,5,,,,,,0,10
5044,2,0,0,,,,,
5045,2,1,50,,,,,
5045,3,,,60,0,,,
5045,4,,,,,0,,
5045,5,,,,,,50,20
5046,2,1,40,,,,,
5046,3,,,0,60,,,
5046,4,,,,,60,,
5046,5,,,,,,0,80
5047,2,1,30,,,,,
5047,3,,,0,20,,,
5047,4,,,,,0,,
5047,5,,,,,,40,70
5049,2,0,0,,,,,
5049,3,,,0,60,,,
5049,4,,,,,0,,
5049,5,,,,,,0,70
5050,2,1,50,,,,,
5050,3,,,0,40,,,
5050,4,,,,,0,,
5050,5,,,,,,40,70
5051,2,1,0,,,,,
5051,3,,,0,20,,,
5051,4,,,,,30,,
5051,5,,,,,,60,40
5052,2,1,20,,,,,
5052,3,,,40,40,,,
5052,4,,,,,40,,
5052,5,,,,,,40,20
5053,2,1,0,,,,,
5053,3,,,0,0,,,
5053,4,,,,,10,,
5053,5,,,,,,0,30
5054,2,0,0,,,,,
5054,3,,,50,0,,,
5054,4,,,,,10,,
5054,5,,,,,,50,80
5055,2,1,0,,,,,
5055,3,,,0,50,,,
5055,4,,,,,50,,
5055,5,,,,,,0,70
5056,2,1,30,,,,,
5056,3,,,0,60,,,
5056,4,,,,,10,,
5056,5,,,,,,0,20
5057,2,0,0,,,,,
5057,3,,,0,50,,,
5057,4,,,,,50,,
5057,5,,,,,,10,70
5061,2,1,60,,,,,
5061,3,,,30,50,,,
5061,4,,,,,30,,
5061,5,,,,,,60,30
5066,2,1,30,,,,,
5066,3,,,0,10,,,
5066,4,,,,,40,,
5066,5,,,,,,10,50
5067,2,0,30,,,,,
5068,2,0,60,,,,,
5068,3,,,0,20,,,
5068,4,,,,,60,,
5068,5,,,,,,0,0
5069,2,1,0,,,,,
5070,3,,,0,0,,,
5070,4,,,,,50,,
5070,5,,,,,,50,0
5072,2,0,30,,,,,
5072,3,,,0,0,,,
5072,4,,,,,50,,
5072,5,,,,,,20,40
5073,2,0,0,,,,,
5073,3,,,40,0,,,
5073,4,,,,,0,,
5073,5,,,,,,0,50
5075,2,0,0,,,,,
5075,3,,,0,50,,,
5075,4,,,,,0,,
5075,5,,,,,,40,60
5077,2,0,0,,,,,
5077,3,,,40,0,,,
5077,4,,,,,10,,
5077,5,,,,,,0,20
5082,2,0,0,,,,,
5082,3,,,0,0,,,
5082,4,,,,,0,,
5082,5,,,,,,0,40
5084,2,0,0,,,,,
5084,3,,,60,0,,,
5084,4,,,,,0,,
5084,5,,,,,,60,60
5086,2,0,0,,,,,
5086,3,,,30,0,,,
5086,4,,,,,40,,
5086,5,,,,,,20,30
5088,3,,,0,0,,,
5088,4,,,,,20,,
5088,5,,,,,,20,10
5089,2,0,0,,,,,
5089,3,,,0,0,,,
5089,4,,,,,0,,
5089,5,,,,,,40,10
5093,3,,,0,0,,,
5093,4,,,,,0,,
5093,5,,,,,,10,70
5094,3,,,0,0,,,
5094,4,,,,,0,,
5094,5,,,,,,20,60
5096,3,,,0,0,,,
5096,4,,,,,0,,
5096,5,,,,,,30,60
6001,2,0,20,,,,,
6001,3,,,0,30,,,
6001,4,,,,,10,,
6001,5,,,,,,10,80
6002,2,0,30,,,,,
6002,3,,,20,20,,,
6002,4,,,,,10,,
6002,5,,,,,,60,50
6004,2,0,30,,,,,
6004,3,,,30,0,,,
6004,4,,,,,0,,
6004,5,,,,,,60,10
6005,2,0,0,,,,,
6005,3,,,0,40,,,
6005,4,,,,,0,,
6005,5,,,,,,40,30
6007,2,0,30,,,,,
6007,3,,,60,0,,,
6007,4,,,,,20,,
6007,5,,,,,,0,0
6008,2,0,20,,,,,
6008,3,,,0,60,,,
6008,4,,,,,60,,
6008,5,,,,,,10,0
6009,2,0,30,,,,,
6009,3,,,0,50,,,
6009,4,,,,,20,,
6009,5,,,,,,60,20
6010,2,0,20,,,,,
6010,3,,,0,10,,,
6010,4,,,,,0,,
6010,5,,,,,,30,20
6011,2,0,0,,,,,
6011,3,,,10,0,,,
6011,4,,,,,60,,
6011,5,,,,,,0,20
6012,2,0,0,,,,,
6012,3,,,0,0,,,
6012,4,,,,,50,,
6013,2,0,10,,,,,
6013,3,,,0,0,,,
6013,4,,,,,20,,
6013,5,,,,,,50,60
6014,2,0,10,,,,,
6014,3,,,0,40,,,
6014,4,,,,,30,,
6014,5,,,,,,40,30
6015,2,0,0,,,,,
6015,3,,,0,0,,,
6015,4,,,,,0,,
6015,5,,,,,,20,10
6016,2,0,0,,,,,
6016,3,,,0,10,,,
6016,4,,,,,10,,
6016,5,,,,,,0,10
6018,2,0,50,,,,,
6018,3,,,0,60,,,
6018,4,,,,,40,,
6018,5,,,,,,30,0
6019,2,0,60,,,,,
6019,3,,,30,20,,,
6019,4,,,,,60,,
6019,5,,,,,,10,40
6020,2,0,30,,,,,
6020,3,,,40,50,,,
6020,4,,,,,10,,
6020,5,,,,,,0,40
6021,2,0,50,,,,,
6021,3,,,40,0,,,
6021,4,,,,,0,,
6021,5,,,,,,30,70
6022,2,0,0,,,,,
6022,3,,,20,60,,,
6022,4,,,,,0,,
6022,5,,,,,,50,0
6023,2,0,40,,,,,
6023,3,,,0,10,,,
6023,4,,,,,0,,
6023,5,,,,,,0,40
6024,2,0,10,,,,,
6024,3,,,40,20,,,
6024,4,,,,,0,,
6024,5,,,,,,10,70
6025,2,0,0,,,,,
6025,3,,,50,40,,,
6025,4,,,,,20,,
6026,5,,,,,,0,0
6027,2,0,30,,,,,
6027,3,,,20,30,,,
6027,4,,,,,0,,
6027,5,,,,,,50,60
6028,2,0,0,,,,,
6028,3,,,40,30,,,
6028,4,,,,,60,,
6028,5,,,,,,0,30
6029,2,0,40,,,,,
6029,3,,,10,10,,,
6029,4,,,,,0,,
6029,5,,,,,,60,0
6030,2,0,10,,,,,
6030,3,,,20,30,,,
6030,4,,,,,10,,
6030,5,,,,,,0,30
6031,2,0,40,,,,,
6031,3,,,0,30,,,
6031,4,,,,,50,,
6031,5,,,,,,60,70
6032,2,0,0,,,,,
6032,3,,,0,0,,,
6032,4,,,,,50,,
6032,5,,,,,,0,20
6033,2,0,30,,,,,
6033,3,,,0,50,,,
6033,4,,,,,0,,
6033,5,,,,,,60,40
6034,2,0,0,,,,,
6034,3,,,30,10,,,
6034,4,,,,,0,,
6034,5,,,,,,0,30
6035,2,0,60,,,,,
6035,3,,,40,0,,,
6035,4,,,,,0,,
6035,5,,,,,,40,30
6036,2,0,40,,,,,
6036,3,,,40,20,,,
6036,4,,,,,20,,
6036,5,,,,,,0,40
6038,2,0,0,,,,,
6038,3,,,0,10,,,
6038,4,,,,,30,,
6038,5,,,,,,10,20
6040,2,0,0,,,,,
6040,3,,,0,40,,,
6040,4,,,,,30,,
6040,5,,,,,,50,40
6041,2,0,0,,,,,
6041,3,,,40,0,,,
6041,4,,,,,0,,
6041,5,,,,,,40,0
6042,2,0,50,,,,,
6042,3,,,60,10,,,
6042,4,,,,,0,,
6042,5,,,,,,0,10
6043,2,0,10,,,,,
6043,3,,,0,0,,,
6043,4,,,,,0,,
6043,5,,,,,,0,20
6044,2,0,0,,,,,
6044,3,,,50,0,,,
6044,4,,,,,30,,
6044,5,,,,,,0,40
6045,2,0,20,,,,,
6045,3,,,60,0,,,
6045,4,,,,,0,,
6045,5,,,,,,40,30
6046,2,0,40,,,,,
6046,3,,,0,20,,,
6046,4,,,,,10,,
6046,5,,,,,,0,60
6047,2,0,0,,,,,
6047,3,,,0,30,,,
6047,4,,,,,60,,
6047,5,,,,,,20,50
6048,2,0,0,,,,,
6048,3,,,40,0,,,
6048,4,,,,,0,,
6048,5,,,,,,0,0
6049,2,0,20,,,,,
6049,3,,,0,20,,,
6049,4,,,,,60,,
6049,5,,,,,,40,80
6050,2,0,60,,,,,
6050,3,,,50,20,,,
6050,4,,,,,30,,
6050,5,,,,,,0,60
6052,2,0,60,,,,,
6052,3,,,30,50,,,
6052,4,,,,,60,,
6052,5,,,,,,50,60
6053,2,0,0,,,,,
6053,3,,,10,40,,,
6053,4,,,,,60,,
6053,5,,,,,,50,0
6054,2,0,0,,,,,
6054,3,,,10,40,,,
6054,4,,,,,30,,
6054,5,,,,,,10,80
6056,2,0,20,,,,,
6056,3,,,30,50,,,
6056,4,,,,,20,,
6056,5,,,,,,0,50
6057,2,0,10,,,,,
6057,3,,,20,10,,,
6057,4,,,,,0,,
6057,5,,,,,,20,0
6058,2,0,10,,,,,
6058,3,,,0,10,,,
6058,4,,,,,10,,
6058,5,,,,,,0,0
6059,2,0,40,,,,,
6059,3,,,60,60,,,
6059,4,,,,,10,,
6059,5,,,,,,0,20
6060,2,0,30,,,,,
6060,3,,,0,60,,,
6060,4,,,,,40,,
6060,5,,,,,,40,0
6061,2,0,0,,,,,
6061,3,,,60,60,,,
6061,4,,,,,60,,
6061,5,,,,,,30,80
6062,2,0,0,,,,,
6062,3,,,10,20,,,
6062,4,,,,,0,,
6062,5,,,,,,0,0
6063,2,0,0,,,,,
6063,3,,,0,0,,,
6063,4,,,,,40,,
6063,5,,,,,,0,0
6064,2,0,20,,,,,
6064,3,,,0,30,,,
6064,4,,,,,40,,
6064,5,,,,,,20,70
6065,2,0,0,,,,,
6065,3,,,0,0,,,
6065,4,,,,,40,,
6065,5,,,,,,0,80
6066,2,0,0,,,,,
6066,3,,,50,0,,,
6066,4,,,,,20,,
6066,5,,,,,,0,50
6067,2,0,0,,,,,
6067,3,,,30,50,,,
6067,4,,,,,0,,
6067,5,,,,,,40,0
6068,2,0,0,,,,,
6068,3,,,0,60,,,
6068,4,,,,,50,,
6068,5,,,,,,50,80
6069,2,0,60,,,,,
6069,3,,,0,0,,,
6069,4,,,,,60,,
6069,5,,,,,,60,30
6070,2,0,0,,,,,
6070,3,,,20,0,,,
6070,4,,,,,40,,
6070,5,,,,,,50,10
6071,2,0,60,,,,,
6071,3,,,50,40,,,
6071,4,,,,,0,,
6071,5,,,,,,30,50
6072,2,0,0,,,,,
6072,3,,,0,0,,,
6072,4,,,,,40,,
6072,5,,,,,,0,20
6073,2,0,40,,,,,
6073,3,,,0,0,,,
6073,4,,,,,20,,
6073,5,,,,,,0,20
6074,2,0,60,,,,,
6074,3,,,0,50,,,
6074,4,,,,,0,,
6074,5,,,,,,20,20
6076,2,0,0,,,,,
6076,3,,,0,0,,,
6076,4,,,,,20,,
6076,5,,,,,,60,50
6077,2,0,0,,,,,
6077,3,,,50,0,,,
6077,4,,,,,60,,
6077,5,,,,,,50,80
6078,2,0,60,,,,,
6078,3,,,50,0,,,
6078,4,,,,,50,,
6078,5,,,,,,30,80
6079,2,0,0,,,,,
6079,3,,,10,40,,,
6079,4,,,,,50,,
6079,5,,,,,,0,40
6081,2,0,0,,,,,
6081,3,,,10,0,,,
6081,4,,,,,0,,
6081,5,,,,,,40,60
6082,2,0,10,,,,,
6082,3,,,40,50,,,
6082,4,,,,,0,,
6082,5,,,,,,10,80
6084,2,0,10,,,,,
6084,3,,,0,40,,,
6084,4,,,,,60,,
6084,5,,,,,,0,30
6085,2,0,50,,,,,
6085,3,,,10,60,,,
6085,4,,,,,0,,
6085,5,,,,,,0,30
6086,2,0,20,,,,,
6086,3,,,60,0,,,
6086,4,,,,,0,,
6086,5,,,,,,10,50
6087,2,0,0,,,,,
6087,3,,,60,0,,,
6087,4,,,,,40,,
6087,5,,,,,,0,0
6088,2,0,0,,,,,
6088,3,,,0,0,,,
6088,4,,,,,0,,
6088,5,,,,,,20,70
6089,2,0,50,,,,,
6089,3,,,60,60,,,
6089,4,,,,,0,,
6089,5,,,,,,30,70
6090,2,0,40,,,,,
6090,3,,,30,0,,,
6090,4,,,,,0,,
6090,5,,,,,,0,60
6092,2,0,50,,,,,
6092,3,,,30,0,,,
6092,4,,,,,30,,
6092,5,,,,,,60,30
6093,2,0,0,,,,,
6093,3,,,30,0,,,
6093,4,,,,,0,,
6093,5,,,,,,0,50
6094,2,0,0,,,,,
6094,3,,,20,20,,,
6094,4,,,,,40,,
6094,5,,,,,,30,20
6095,2,0,50,,,,,
6095,3,,,50,60,,,
6095,4,,,,,0,,
6095,5,,,,,,30,50
6096,2,0,50,,,,,
6096,3,,,10,0,,,
6096,4,,,,,0,,
6096,5,,,,,,20,70
6098,2,0,20,,,,,
6098,3,,,30,50,,,
6098,4,,,,,40,,
6098,5,,,,,,20,10
6099,2,0,20,,,,,
6099,3,,,60,0,,,
6099,4,,,,,50,,
6099,5,,,,,,20,10
6100,2,0,60,,,,,
6100,4,,,,,0,,
6100,5,,,,,,60,0
6101,2,0,0,,,,,
6101,3,,,0,0,,,
6101,4,,,,,10,,
6101,5,,,,,,0,0
6102,2,0,10,,,,,
6102,3,,,0,30,,,
6102,4,,,,,20,,
6102,5,,,,,,10,10
6103,2,0,0,,,,,
6103,3,,,20,30,,,
6103,4,,,,,50,,
6103,5,,,,,,30,60
6104,2,0,50,,,,,
6104,3,,,0,40,,,
6104,4,,,,,0,,
6104,5,,,,,,0,40
6105,2,0,0,,,,,
6105,3,,,20,0,,,
6105,4,,,,,50,,
6105,5,,,,,,0,0
6107,2,0,0,,,,,
6107,3,,,50,30,,,
6107,4,,,,,30,,
6107,5,,,,,,20,40
6108,2,0,0,,,,,
6108,3,,,10,20,,,
6108,4,,,,,0,,
6108,5,,,,,,0,60
6109,2,0,50,,,,,
6109,3,,,20,0,,,
6109,4,,,,,30,,
6109,5,,,,,,20,60
6112,2,0,0,,,,,
6112,3,,,0,0,,,
6112,4,,,,,0,,
6112,5,,,,,,0,50
6113,2,0,40,,,,,
6113,3,,,40,0,,,
6113,4,,,,,0,,
6113,5,,,,,,0,70
6114,2,0,0,,,,,
6114,3,,,0,0,,,
6114,4,,,,,0,,
6114,5,,,,,,0,0
6115,3,,,0,0,,,
6115,4,,,,,0,,
6115,5,,,,,,0,80
6116,2,0,0,,,,,
6116,3,,,0,50,,,
6116,5,,,,,,0,0
6123,2,0,0,,,,,
6123,3,,,0,10,,,
6123,4,,,,,10,,
6123,5,,,,,,60,10
6124,2,0,0,,,,,
6124,3,,,0,0,,,
6124,4,,,,,0,,
6124,5,,,,,,40,80
6125,5,,,,,,0,0
7002,2,0,20,,,,,
7002,3,,,0,0,,,
7002,4,,,,,50,,
7002,5,,,,,,60,50
7003,2,1,50,,,,,
7003,3,,,0,30,,,
7003,4,,,,,0,,
7003,5,,,,,,0,50
7004,2,1,50,,,,,
7004,3,,,30,30,,,
7004,4,,,,,30,,
7004,5,,,,,,40,0
7005,2,1,10,,,,,
7005,3,,,50,0,,,
7005,4,,,,,0,,
7005,5,,,,,,0,70
7006,2,1,0,,,,,
7006,3,,,0,0,,,
7006,4,,,,,0,,
7006,5,,,,,,20,80
7007,2,1,30,,,,,
7007,3,,,0,0,,,
7007,4,,,,,0,,
7007,5,,,,,,0,10
7008,2,1,10,,,,,
7008,3,,,0,0,,,
7008,4,,,,,0,,
7008,5,,,,,,0,40
7009,2,0,0,,,,,
7009,3,,,60,30,,,
7009,4,,,,,40,,
7009,5,,,,,,0,30
7010,2,0,50,,,,,
7010,3,,,50,40,,,
7010,4,,,,,10,,
7010,5,,,,,,60,60
7011,2,1,0,,,,,
7011,3,,,60,0,,,
7011,4,,,,,20,,
7011,5,,,,,,0,80
7012,2,0,40,,,,,
7012,3,,,60,0,,,
7012,4,,,,,10,,
7012,5,,,,,,50,50
7013,2,1,0,,,,,
7013,3,,,0,30,,,
7013,4,,,,,0,,
7013,5,,,,,,30,0
7014,2,0,0,,,,,
7014,3,,,60,40,,,
7014,4,,,,,30,,
7014,5,,,,,,60,40
7015,2,1,40,,,,,
7015,3,,,50,50,,,
7015,4,,,,,0,,
7015,5,,,,,,0,0
7016,2,0,30,,,,,
7016,3,,,0,0,,,
7016,4,,,,,10,,
7016,5,,,,,,30,80
7017,2,0,0,,,,,
7017,3,,,0,10,,,
7017,4,,,,,20,,
7017,5,,,,,,10,70
7018,2,1,60,,,,,
7018,3,,,0,0,,,
7018,4,,,,,0,,
7018,5,,,,,,0,10
7019,2,0,20,,,,,
7019,3,,,30,0,,,
7019,4,,,,,30,,
7019,5,,,,,,0,10
7020,2,0,0,,,,,
7020,3,,,0,60,,,
7020,4,,,,,0,,
7020,5,,,,,,60,40
7021,2,0,0,,,,,
7021,3,,,40,40,,,
7021,4,,,,,20,,
7021,5,,,,,,0,80
7022,2,1,20,,,,,
7022,3,,,0,0,,,
7022,4,,,,,10,,
7022,5,,,,,,40,80
7023,2,1,0,,,,,
7023,3,,,40,0,,,
7023,4,,,,,0,,
7023,5,,,,,,0,0
7024,2,0,0,,,,,
7024,3,,,10,20,,,
7024,4,,,,,60,,
7024,5,,,,,,20,20
7025,2,0,30,,,,,
7025,3,,,10,60,,,
7025,4,,,,,30,,
7025,5,,,,,,0,20
7026,2,0,20,,,,,
7026,3,,,10,20,,,
7026,4,,,,,0,,
7026,5,,,,,,30,30
7027,2,0,40,,,,,
7027,3,,,20,60,,,
7027,4,,,,,20,,
7027,5,,,,,,40,30
7028,2,1,60,,,,,
7028,3,,,30,0,,,
7028,4,,,,,60,,
7028,5,,,,,,60,50
7029,2,0,60,,,,,
7029,3,,,0,0,,,
7029,4,,,,,0,,
7029,5,,,,,,20,0
7030,2,0,50,,,,,
7030,3,,,20,40,,,
7030,4,,,,,40,,
7030,5,,,,,,0,60
7031,2,1,10,,,,,
7031,3,,,30,10,,,
7031,4,,,,,40,,
7031,5,,,,,,30,30
7032,2,1,0,,,,,
7032,3,,,0,50,,,
7032,4,,,,,0,,
7032,5,,,,,,50,0
7033,2,1,0,,,,,
7033,3,,,10,60,,,
7033,4,,,,,50,,
7033,5,,,,,,0,70
7034,2,0,30,,,,,
7034,3,,,0,30,,,
7034,4,,,,,0,,
7034,5,,,,,,50,20
7035,2,0,60,,,,,
7035,3,,,20,10,,,
7035,4,,,,,60,,
7035,5,,,,,,10,20
7036,2,1,0,,,,,
7036,3,,,0,0,,,
7036,4,,,,,50,,
7036,5,,,,,,20,70
7037,2,1,40,,,,,
7037,3,,,40,60,,,
7037,4,,,,,60,,
7037,5,,,,,,30,60
7038,2,1,0,,,,,
7038,3,,,50,50,,,
7038,4,,,,,40,,
7038,5,,,,,,0,20
7039,2,0,10,,,,,
7039,3,,,30,0,,,
7039,4,,,,,60,,
7039,5,,,,,,40,0
7040,2,1,0,,,,,
7040,3,,,20,10,,,
7040,4,,,,,0,,
7040,5,,,,,,50,10
7041,2,0,0,,,,,
7041,3,,,0,50,,,
7041,4,,,,,30,,
7041,5,,,,,,10,0
7042,2,1,50,,,,,
7042,3,,,40,20,,,
7042,4,,,,,0,,
7042,5,,,,,,0,60
7043,2,0,10,,,,,
7043,3,,,0,0,,,
7043,4,,,,,0,,
7043,5,,,,,,0,50
7049,2,0,0,,,,,
7049,3,,,0,20,,,
7049,4,,,,,50,,
7049,5,,,,,,10,40
8001,2,1,10,,,,,
8001,3,,,0,0,,,
8001,4,,,,,0,,
8001,5,,,,,,40,40
8002,2,0,0,,,,,
8002,3,,,40,40,,,
8002,4,,,,,10,,
8002,5,,,,,,10,30
8003,2,1,0,,,,,
8003,3,,,0,10,,,
8003,4,,,,,0,,
8003,5,,,,,,0,60
8004,2,0,60,,,,,
8004,3,,,0,50,,,
8004,4,,,,,0,,
8004,5,,,,,,60,40
8005,2,0,30,,,,,
8005,3,,,0,60,,,
8005,4,,,,,60,,
8005,5,,,,,,40,20
8006,2,0,0,,,,,
8006,3,,,0,0,,,
8006,4,,,,,10,,
8006,5,,,,,,50,10
8007,2,1,0,,,,,
8007,3,,,60,40,,,
8007,4,,,,,0,,
8007,5,,,,,,0,70
8009,2,1,20,,,,,
8009,3,,,0,20,,,
8009,4,,,,,20,,
8009,5,,,,,,0,30
8010,2,1,40,,,,,
8010,3,,,10,0,,,
8010,4,,,,,30,,
8010,5,,,,,,30,0
8011,2,0,30,,,,,
8011,3,,,0,0,,,
8011,4,,,,,0,,
8011,5,,,,,,60,60
8012,2,0,60,,,,,
8012,3,,,40,40,,,
8012,4,,,,,20,,
8012,5,,,,,,60,80
8013,2,0,0,,,,,
8013,3,,,50,0,,,
8013,4,,,,,0,,
8013,5,,,,,,40,70
8014,2,0,0,,,,,
8014,3,,,20,30,,,
8014,4,,,,,40,,
8014,5,,,,,,0,50
8015,2,1,20,,,,,
8015,3,,,0,30,,,
8015,4,,,,,0,,
8015,5,,,,,,0,40
8018,2,0,20,,,,,
8018,3,,,0,0,,,
8018,4,,,,,10,,
8018,5,,,,,,40,60
8019,2,0,0,,,,,
8019,3,,,30,30,,,
8019,4,,,,,0,,
8019,5,,,,,,30,30
8020,2,1,50,,,,,
8020,3,,,10,0,,,
8020,4,,,,,20,,
8020,5,,,,,,60,80
8021,2,0,0,,,,,
8021,3,,,0,60,,,
8021,4,,,,,30,,
8021,5,,,,,,30,0
8022,2,0,10,,,,,
8022,3,,,0,0,,,
8022,4,,,,,0,,
8022,5,,,,,,0,70
8023,2,1,60,,,,,
8023,3,,,10,0,,,
8023,4,,,,,30,,
8023,5,,,,,,0,70
8024,2,0,50,,,,,
8024,3,,,40,50,,,
8024,4,,,,,40,,
8024,5,,,,,,20,0
8025,2,0,10,,,,,
8025,3,,,0,50,,,
8025,4,,,,,30,,
8025,5,,,,,,0,50
8026,2,0,40,,,,,
8026,3,,,10,10,,,
8026,4,,,,,50,,
8026,5,,,,,,0,80
8027,2,1,40,,,,,
8027,3,,,10,30,,,
8027,4,,,,,20,,
8027,5,,,,,,0,30
8028,5,,,,,,0,0
8029,2,0,0,,,,,
8029,3,,,0,60,,,
8029,4,,,,,60,,
8029,5,,,,,,50,0
8030,2,1,40,,,,,
8030,3,,,30,30,,,
8030,4,,,,,50,,
8030,5,,,,,,10,0
8031,2,1,60,,,,,
8031,3,,,50,0,,,
8031,4,,,,,50,,
8031,5,,,,,,10,30
8032,2,0,50,,,,,
8032,3,,,0,50,,,
8032,4,,,,,30,,
8032,5,,,,,,0,40
8033,2,0,40,,,,,
8033,3,,,30,0,,,
8033,4,,,,,40,,
8033,5,,,,,,20,10
8034,2,0,30,,,,,
8034,3,,,0,10,,,
8034,4,,,,,60,,
8034,5,,,,,,0,80
8035,2,0,0,,,,,
8035,3,,,20,20,,,
8035,4,,,,,50,,
8035,5,,,,,,40,0
8036,2,0,0,,,,,
8036,3,,,0,40,,,
8036,4,,,,,0,,
8036,5,,,,,,20,10
8037,2,1,0,,,,,
8037,3,,,20,0,,,
8038,2,1,0,,,,,
8038,3,,,50,0,,,
8038,4,,,,,0,,
8038,5,,,,,,30,20
8039,2,1,60,,,,,
8039,3,,,40,0,,,
8039,4,,,,,60,,
8039,5,,,,,,60,10
8040,2,1,10,,,,,
8040,3,,,50,20,,,
8040,4,,,,,0,,
8040,5,,,,,,40,20
8041,2,0,20,,,,,
8041,3,,,0,0,,,
8041,4,,,,,40,,
8042,2,1,20,,,,,
8042,3,,,60,40,,,
8042,4,,,,,20,,
8042,5,,,,,,10,20
8044,2,0,0,,,,,
8044,3,,,20,0,,,
8044,4,,,,,0,,
8044,5,,,,,,0,40
8045,2,1,30,,,,,
8045,3,,,20,20,,,
8045,4,,,,,0,,
8045,5,,,,,,0,50
8046,2,0,0,,,,,
8046,3,,,0,0,,,
8046,4,,,,,0,,
8047,2,1,50,,,,,
8047,3,,,0,60,,,
8047,4,,,,,60,,
8047,5,,,,,,0,60
8048,2,0,30,,,,,
8048,3,,,60,20,,,
8048,4,,,,,0,,
8048,5,,,,,,10,50
8049,2,0,0,,,,,
8049,3,,,40,20,,,
8049,4,,,,,0,,
8049,5,,,,,,0,0
8050,2,0,0,,,,,
8050,3,,,0,10,,,
8050,4,,,,,0,,
8050,5,,,,,,20,80
8051,2,1,20,,,,,
8051,3,,,50,60,,,
8051,4,,,,,0,,
8051,5,,,,,,0,10
8052,2,1,40,,,,,
8052,3,,,60,10,,,
8052,4,,,,,0,,
8052,5,,,,,,30,10
8053,2,1,0,,,,,
8053,3,,,40,0,,,
8053,4,,,,,40,,
8053,5,,,,,,10,20
8054,2,1,0,,,,,
8054,3,,,0,50,,,
8054,4,,,,,50,,
8054,5,,,,,,20,60
8055,2,1,0,,,,,
8055,3,,,30,40,,,
8055,4,,,,,10,,
8055,5,,,,,,50,40
8056,2,0,0,,,,,
8056,3,,,0,0,,,
8056,4,,,,,10,,
8056,5,,,,,,0,60
8057,2,0,0,,,,,
8057,3,,,60,0,,,
8057,4,,,,,0,,
8057,5,,,,,,0,0
8059,2,0,0,,,,,
8059,3,,,20,0,,,
8059,4,,,,,60,,
8059,5,,,,,,0,50
8061,2,0,0,,,,,
8061,3,,,0,60,,,
8061,4,,,,,10,,
8061,5,,,,,,60,70
8062,2,0,0,,,,,
8062,3,,,30,0,,,
8062,4,,,,,0,,
8062,5,,,,,,0,80
8070,4,,,,,0,,
8070,5,,,,,,50,40
9001,2,0,0,,,,,
9001,3,,,0,0,,,
9001,4,,,,,0,,
9001,5,,,,,,60,60
9002,2,0,20,,,,,
9002,3,,,10,0,,,
9002,4,,,,,0,,
9002,5,,,,,,0,40
9003,2,1,0,,,,,
9003,3,,,0,60,,,
9003,4,,,,,40,,
9003,5,,,,,,0,70
9004,2,0,0,,,,,
9004,3,,,0,20,,,
9004,4,,,,,0,,
9004,5,,,,,,60,20
9005,2,0,0,,,,,
9005,3,,,50,0,,,
9005,4,,,,,30,,
9005,5,,,,,,0,0
9006,2,1,30,,,,,
9006,3,,,0,20,,,
9006,4,,,,,0,,
9006,5,,,,,,0,60
9007,2,1,20,,,,,
9007,3,,,0,40,,,
9007,4,,,,,30,,
9007,5,,,,,,0,10
9008,2,1,40,,,,,
9008,3,,,10,30,,,
9008,4,,,,,60,,
9008,5,,,,,,40,80
9009,2,0,10,,,,,
9009,3,,,40,0,,,
9009,4,,,,,0,,
9009,5,,,,,,0,30
9010,2,0,0,,,,,
9010,3,,,30,10,,,
9010,4,,,,,0,,
9010,5,,,,,,40,40
9011,2,0,60,,,,,
9011,3,,,0,40,,,
9011,4,,,,,40,,
9011,5,,,,,,60,10
9012,2,1,50,,,,,
9012,3,,,30,0,,,
9012,4,,,,,50,,
9012,5,,,,,,40,80
9013,2,1,0,,,,,
9013,3,,,40,20,,,
9013,4,,,,,20,,
9013,5,,,,,,0,80
9014,2,0,30,,,,,
9014,3,,,20,40,,,
9014,4,,,,,0,,
9014,5,,,,,,0,0
9015,2,0,20,,,,,
9015,3,,,0,60,,,
9015,4,,,,,0,,
9015,5,,,,,,60,0
9016,2,0,10,,,,,
9016,3,,,60,20,,,
9016,4,,,,,20,,
9016,5,,,,,,20,40
9017,2,0,0,,,,,
9017,3,,,50,30,,,
9017,4,,,,,0,,
9017,5,,,,,,10,60
9019,2,0,60,,,,,
9019,3,,,30,40,,,
9020,2,1,40,,,,,
9020,3,,,0,0,,,
9020,4,,,,,0,,
9020,5,,,,,,20,50
9021,2,0,0,,,,,
9021,3,,,10,10,,,
9021,4,,,,,50,,
9021,5,,,,,,0,80
9022,2,1,10,,,,,
9022,3,,,0,10,,,
9022,4,,,,,0,,
9022,5,,,,,,40,50
9023,2,0,0,,,,,
9023,3,,,0,20,,,
9024,2,0,0,,,,,
9024,3,,,10,40,,,
9024,4,,,,,50,,
9024,5,,,,,,0,0
9025,2,0,0,,,,,
9025,3,,,30,50,,,
9025,4,,,,,60,,
9025,5,,,,,,30,30
9026,2,0,50,,,,,
9026,3,,,0,0,,,
9026,4,,,,,0,,
9026,5,,,,,,50,10
9027,2,0,0,,,,,
9027,3,,,30,30,,,
9027,4,,,,,0,,
9027,5,,,,,,0,70
9028,2,1,0,,,,,
9028,3,,,60,0,,,
9028,4,,,,,0,,
9028,5,,,,,,30,20
9029,2,1,60,,,,,
9029,3,,,50,0,,,
9029,4,,,,,0,,
9029,5,,,,,,0,0
9030,2,1,0,,,,,
9030,3,,,0,60,,,
9030,4,,,,,40,,
9030,5,,,,,,0,70
9031,2,0,0,,,,,
9031,3,,,0,40,,,
9031,4,,,,,60,,
9031,5,,,,,,10,0
9032,2,1,50,,,,,
9032,3,,,0,50,,,
9032,4,,,,,30,,
9032,5,,,,,,30,50
9033,2,1,30,,,,,
9033,3,,,0,0,,,
9033,4,,,,,20,,
9033,5,,,,,,60,0
9034,2,1,10,,,,,
9034,3,,,60,0,,,
9034,4,,,,,0,,
9034,5,,,,,,40,70
9035,2,0,0,,,,,
9035,3,,,60,20,,,
9035,4,,,,,0,,
9035,5,,,,,,0,10
9036,2,0,0,,,,,
9036,3,,,20,0,,,
9036,4,,,,,40,,
9036,5,,,,,,50,40
9037,2,1,0,,,,,
9037,3,,,50,0,,,
9037,4,,,,,20,,
9037,5,,,,,,30,0
9038,2,1,0,,,,,
9038,3,,,10,10,,,
9038,4,,,,,60,,
9038,5,,,,,,40,60
9039,2,0,60,,,,,
9039,3,,,0,10,,,
9039,4,,,,,10,,
9039,5,,,,,,0,60
9040,2,0,30,,,,,
9040,3,,,0,20,,,
9040,4,,,,,0,,
9040,5,,,,,,10,80
9041,2,0,30,,,,,
9041,3,,,0,20,,,
9041,4,,,,,10,,
9041,5,,,,,,50,0
9042,2,0,0,,,,,
9042,3,,,20,40,,,
9042,4,,,,,0,,
9042,5,,,,,,0,10
9043,2,1,40,,,,,
9043,3,,,0,0,,,
9043,4,,,,,60,,
9043,5,,,,,,30,40
9044,2,0,50,,,,,
9044,3,,,0,0,,,
9044,4,,,,,40,,
9044,5,,,,,,20,50
9045,2,1,0,,,,,
9045,3,,,50,0,,,
9045,4,,,,,0,,
9045,5,,,,,,0,20
9046,2,1,0,,,,,
9046,3,,,30,10,,,
9046,4,,,,,20,,
9046,5,,,,,,0,0
9047,2,0,30,,,,,
9047,3,,,20,0,,,
9047,4,,,,,30,,
9047,5,,,,,,10,80
9048,2,0,0,,,,,
9048,3,,,0,0,,,
9048,4,,,,,50,,
9048,5,,,,,,30,40
9049,2,0,20,,,,,
9049,3,,,20,50,,,
9049,4,,,,,20,,
9050,2,1,30,,,,,
9050,3,,,0,0,,,
9050,4,,,,,40,,
9050,5,,,,,,30,60
9051,2,1,40,,,,,
9051,3,,,50,40,,,
9051,4,,,,,10,,
9051,5,,,,,,40,30
9052,2,1,30,,,,,
9052,3,,,0,0,,,
9052,4,,,,,60,,
9052,5,,,,,,0,10
9053,2,0,40,,,,,
9053,3,,,10,20,,,
9053,4,,,,,10,,
9053,5,,,,,,60,70
9054,2,0,10,,,,,
9054,3,,,30,0,,,
9054,4,,,,,50,,
9054,5,,,,,,50,70
9055,2,0,50,,,,,
9055,3,,,0,50,,,
9055,4,,,,,60,,
9055,5,,,,,,0,40
9056,2,1,0,,,,,
9056,3,,,0,10,,,
9056,4,,,,,30,,
9056,5,,,,,,0,50
9057,2,1,0,,,,,
9057,3,,,10,0,,,
9057,4,,,,,0,,
9057,5,,,,,,0,30
9058,2,0,30,,,,,
9058,3,,,0,10,,,
9058,4,,,,,0,,
9058,5,,,,,,20,70
9059,2,0,20,,,,,
9059,3,,,20,10,,,
9059,4,,,,,30,,
9059,5,,,,,,0,30
9060,2,0,0,,,,,
9060,3,,,40,0,,,
9060,4,,,,,10,,
9060,5,,,,,,0,60
9061,2,1,40,,,,,
9061,3,,,40,40,,,
9061,4,,,,,0,,
9061,5,,,,,,40,0
9062,2,1,60,,,,,
9062,3,,,40,0,,,
9062,4,,,,,50,,
9062,5,,,,,,0,80
9063,2,0,0,,,,,
9063,3,,,60,30,,,
9063,4,,,,,0,,
9063,5,,,,,,0,10
9064,2,1,0,,,,,
9064,3,,,60,50,,,
9064,4,,,,,0,,
9064,5,,,,,,0,0
9065,2,0,20,,,,,
9065,3,,,60,0,,,
9065,4,,,,,30,,
9065,5,,,,,,20,40
9066,2,1,10,,,,,
9066,3,,,10,0,,,
9066,4,,,,,40,,
9066,5,,,,,,0,30
9067,2,1,0,,,,,
9067,3,,,0,0,,,
9067,4,,,,,0,,
9067,5,,,,,,60,70
9068,2,0,40,,,,,
9068,3,,,20,50,,,
9068,4,,,,,10,,
9068,5,,,,,,20,0
9069,2,1,0,,,,,
9069,3,,,40,0,,,
9069,4,,,,,0,,
9069,5,,,,,,50,60
9070,2,0,0,,,,,
9070,3,,,40,30,,,
9070,4,,,,,0,,
9070,5,,,,,,60,0
9071,2,0,40,,,,,
9071,3,,,0,30,,,
9071,4,,,,,20,,
9071,5,,,,,,10,50
9072,2,0,20,,,,,
9072,3,,,20,60,,,
9072,4,,,,,0,,
9073,2,0,0,,,,,
9073,3,,,40,0,,,
9073,4,,,,,0,,
9073,5,,,,,,10,70
9074,2,0,50,,,,,
9074,3,,,30,60,,,
9074,4,,,,,30,,
9074,5,,,,,,0,80
9075,2,0,0,,,,,
9075,3,,,0,0,,,
9075,4,,,,,0,,
9075,5,,,,,,10,20
9076,2,1,50,,,,,
9076,3,,,0,50,,,
9076,4,,,,,60,,
9076,5,,,,,,0,0
9077,2,0,50,,,,,
9077,3,,,0,0,,,
9077,4,,,,,50,,
9077,5,,,,,,0,30
9078,2,1,60,,,,,
9078,3,,,0,60,,,
9078,4,,,,,0,,
9078,5,,,,,,0,20
9079,2,1,20,,,,,
9079,3,,,0,40,,,
9079,4,,,,,0,,
9079,5,,,,,,50,0
9080,2,0,10,,,,,
9080,3,,,50,0,,,
9080,4,,,,,30,,
9080,5,,,,,,10,10
9081,2,0,60,,,,,
9081,3,,,20,30,,,
9081,4,,,,,0,,
9081,5,,,,,,60,0
9082,2,0,0,,,,,
9082,3,,,40,0,,,
9082,4,,,,,50,,
9082,5,,,,,,0,80
9083,2,0,60,,,,,
9083,3,,,60,50,,,
9083,4,,,,,40,,
9083,5,,,,,,10,80
9084,2,0,0,,,,,
9084,3,,,0,30,,,
9084,4,,,,,0,,
9084,5,,,,,,20,40
9085,2,0,60,,,,,
9085,3,,,0,0,,,
9085,4,,,,,0,,
9085,5,,,,,,30,0
9086,2,1,60,,,,,
9086,3,,,50,60,,,
9086,4,,,,,10,,
9086,5,,,,,,0,20
9087,2,1,50,,,,,
9087,3,,,0,10,,,
9087,4,,,,,10,,
9087,5,,,,,,0,50
9088,2,1,0,,,,,
9088,3,,,30,20,,,
9088,4,,,,,20,,
9088,5,,,,,,0,10
9089,2,1,30,,,,,
9089,3,,,40,30,,,
9089,4,,,,,50,,
9089,5,,,,,,50,70
9090,2,1,40,,,,,
9090,3,,,30,0,,,
9090,4,,,,,0,,
9090,5,,,,,,20,0
9091,2,1,10,,,,,
9091,3,,,50,0,,,
9091,4,,,,,10,,
9091,5,,,,,,50,40
9092,2,1,0,,,,,
9092,3,,,0,60,,,
9092,4,,,,,20,,
9092,5,,,,,,50,70
9093,2,0,0,,,,,
9093,3,,,20,30,,,
9093,4,,,,,60,,
9093,5,,,,,,40,50
9094,2,0,50,,,,,
9094,3,,,10,60,,,
9094,4,,,,,0,,
9094,5,,,,,,60,20
9095,2,1,10,,,,,
9095,3,,,0,50,,,
9095,4,,,,,50,,
9095,5,,,,,,50,50
9096,2,0,10,,,,,
9096,3,,,0,0,,,
9096,4,,,,,60,,
9096,5,,,,,,0,0
9097,2,0,20,,,,,
9097,3,,,0,60,,,
9097,4,,,,,10,,
9097,5,,,,,,30,50
9098,2,1,0,,,,,
9098,3,,,0,0,,,
9098,4,,,,,40,,
9098,5,,,,,,30,0
9099,2,1,0,,,,,
9099,3,,,50,0,,,
9099,4,,,,,20,,
9099,5,,,,,,50,0
9100,2,0,20,,,,,
9100,3,,,60,0,,,
9100,4,,,,,40,,
9100,5,,,,,,60,30
9102,4,,,,,0,,
9102,5,,,,,,30,80
9104,5,,,,,,0,0
9106,4,,,,,0,,
9106,5,,,,,,0,20
9108,2,0,0,,,,,
9108,3,,,10,50,,,
9108,4,,,,,0,,
9108,5,,,,,,10,30
9111,4,,,,,0,,
9111,5,,,,,,0,20
9115,5,,,,,,0,0
10001,2,0,0,,,,,
10001,3,,,0,0,,,
10001,4,,,,,0,,
10001,5,,,,,,30,40
10002,2,0,0,,,,,
10002,3,,,60,40,,,
10002,4,,,,,30,,
10002,5,,,,,,50,60
10003,2,0,0,,,,,
10003,3,,,0,0,,,
10003,4,,,,,10,,
10003,5,,,,,,10,40
10004,2,0,0,,,,,
10004,3,,,30,30,,,
10004,4,,,,,0,,
10004,5,,,,,,10,50
10005,2,0,30,,,,,
10005,3,,,0,30,,,
10005,4,,,,,50,,
10005,5,,,,,,0,10
10006,2,0,60,,,,,
10006,3,,,20,20,,,
10006,4,,,,,30,,
10006,5,,,,,,0,70
10007,2,0,0,,,,,
10007,3,,,10,10,,,
10007,4,,,,,30,,
10007,5,,,,,,20,0
10008,2,0,10,,,,,
10009,2,0,50,,,,,
10009,3,,,0,30,,,
10009,4,,,,,20,,
10009,5,,,,,,10,20
10010,2,0,30,,,,,
10010,3,,,10,0,,,
10010,4,,,,,20,,
10010,5,,,,,,0,10
10011,2,0,10,,,,,
10011,3,,,0,0,,,
10011,4,,,,,40,,
10011,5,,,,,,0,30
10012,2,0,40,,,,,
10012,3,,,60,0,,,
10013,2,0,0,,,,,
10013,3,,,40,60,,,
10013,4,,,,,60,,
10013,5,,,,,,40,40
10014,2,0,0,,,,,
10014,3,,,40,0,,,
10014,4,,,,,40,,
10014,5,,,,,,0,80
10015,2,0,20,,,,,
10015,3,,,0,60,,,
10016,2,0,60,,,,,
10016,3,,,0,20,,,
10016,4,,,,,30,,
10016,5,,,,,,0,10
10017,2,0,0,,,,,
10017,3,,,30,50,,,
10017,4,,,,,10,,
10017,5,,,,,,60,30
10018,2,0,40,,,,,
10018,3,,,0,0,,,
10018,4,,,,,0,,
10018,5,,,,,,50,20
10019,2,0,0,,,,,
10019,3,,,0,40,,,
10019,4,,,,,10,,
10019,5,,,,,,40,50
10020,2,0,20,,,,,
10020,3,,,50,10,,,
10020,4,,,,,0,,
10020,5,,,,,,60,0
10021,2,0,10,,,,,
10021,3,,,10,0,,,
10021,4,,,,,0,,
10021,5,,,,,,20,50
10022,2,0,30,,,,,
10022,3,,,40,0,,,
10022,4,,,,,0,,
10022,5,,,,,,40,60
10023,2,0,0,,,,,
10023,3,,,50,40,,,
10023,4,,,,,0,,
10023,5,,,,,,60,70
10024,2,0,0,,,,,
10024,3,,,30,20,,,
10024,4,,,,,0,,
10024,5,,,,,,20,40
10025,2,0,0,,,,,
10025,3,,,0,0,,,
10025,4,,,,,50,,
10025,5,,,,,,0,10
10026,2,0,50,,,,,
10026,3,,,20,50,,,
10026,4,,,,,0,,
10026,5,,,,,,10,80
10027,2,0,20,,,,,
10027,3,,,20,50,,,
10027,4,,,,,0,,
10027,5,,,,,,0,20
10028,2,0,60,,,,,
10029,2,0,40,,,,,
10029,3,,,50,60,,,
10029,4,,,,,20,,
10029,5,,,,,,0,60
10030,2,0,50,,,,,
10030,3,,,0,0,,,
10030,4,,,,,0,,
10030,5,,,,,,0,60
10031,3,,,0,0,,,
10031,4,,,,,0,,
10031,5,,,,,,30,0
10033,3,,,0,0,,,
10033,4,,,,,40,,
10033,5,,,,,,0,80
10036,4,,,,,0,,
10036,5,,,,,,40,30
11001,2,0,40,,,,,
11001,3,,,40,0,,,
11001,4,,,,,60,,
11001,5,,,,,,50,0
11002,2,1,0,,,,,
11002,3,,,30,0,,,
11002,4,,,,,20,,
11002,5,,,,,,0,30
11003,2,1,0,,,,,
11003,3,,,0,50,,,
11003,4,,,,,60,,
11003,5,,,,,,30,30
11004,2,0,50,,,,,
11004,3,,,0,30,,,
11004,4,,,,,20,,
11004,5,,,,,,60,70
11005,2,1,0,,,,,
11005,3,,,60,0,,,
11006,2,0,60,,,,,
11006,3,,,40,30,,,
11006,4,,,,,0,,
11006,5,,,,,,0,50
11007,2,1,10,,,,,
11007,3,,,50,0,,,
11007,4,,,,,60,,
11007,5,,,,,,30,30
11008,2,1,0,,,,,
11008,3,,,60,0,,,
11008,4,,,,,50,,
11008,5,,,,,,10,0
11010,2,1,10,,,,,
11010,3,,,0,40,,,
11010,4,,,,,10,,
11010,5,,,,,,0,0
11011,2,1,30,,,,,
11011,3,,,10,30,,,
11011,4,,,,,0,,
11011,5,,,,,,40,40
11012,2,1,50,,,,,
11012,3,,,0,20,,,
11012,4,,,,,30,,
11012,5,,,,,,60,60
11013,2,1,0,,,,,
11013,3,,,10,0,,,
11013,4,,,,,10,,
11013,5,,,,,,0,80
11014,2,1,20,,,,,
11014,3,,,0,10,,,
11014,4,,,,,0,,
11014,5,,,,,,0,80
11015,2,0,40,,,,,
11015,3,,,20,50,,,
11018,2,1,20,,,,,
11018,3,,,0,0,,,
11018,4,,,,,30,,
11018,5,,,,,,40,40
11020,2,0,30,,,,,
11020,3,,,50,0,,,
11020,4,,,,,0,,
11020,5,,,,,,60,10
11021,2,0,60,,,,,
11021,3,,,30,30,,,
11021,4,,,,,40,,
11021,5,,,,,,20,40
11022,2,1,40,,,,,
11022,3,,,0,0,,,
11022,4,,,,,30,,
11022,5,,,,,,0,80
11023,2,0,0,,,,,
11023,3,,,60,0,,,
11023,4,,,,,0,,
11023,5,,,,,,10,60
11024,2,0,0,,,,,
11024,3,,,20,50,,,
11024,4,,,,,0,,
11024,5,,,,,,60,0
11025,2,1,0,,,,,
11025,3,,,30,0,,,
11025,4,,,,,20,,
11025,5,,,,,,50,40
11026,2,1,60,,,,,
11026,3,,,50,60,,,
11026,4,,,,,40,,
11026,5,,,,,,40,10
11027,2,1,40,,,,,
11027,3,,,20,60,,,
11027,4,,,,,0,,
11027,5,,,,,,0,60
11028,2,1,30,,,,,
11028,3,,,0,40,,,
11028,4,,,,,30,,
11028,5,,,,,,0,10
11029,2,0,60,,,,,
11029,3,,,0,50,,,
11029,4,,,,,10,,
11029,5,,,,,,10,20
11030,2,0,0,,,,,
11030,3,,,0,10,,,
11030,4,,,,,60,,
11030,5,,,,,,20,0
11032,2,1,60,,,,,
11032,3,,,10,20,,,
11032,4,,,,,40,,
11032,5,,,,,,0,80
11033,2,0,40,,,,,
11033,3,,,50,60,,,
11033,4,,,,,10,,
11033,5,,,,,,10,50
11034,2,0,10,,,,,
11034,3,,,50,40,,,
11034,4,,,,,0,,
11034,5,,,,,,40,80
11035,2,0,0,,,,,
11035,3,,,30,20,,,
11035,4,,,,,0,,
11035,5,,,,,,0,0
11036,2,0,0,,,,,
11036,3,,,0,0,,,
11036,4,,,,,0,,
11036,5,,,,,,10,50
11037,2,1,0,,,,,
11037,3,,,0,0,,,
11038,2,0,50,,,,,
11038,3,,,0,0,,,
11038,4,,,,,0,,
11038,5,,,,,,0,30
11039,2,0,20,,,,,
11039,3,,,40,30,,,
11039,4,,,,,30,,
11039,5,,,,,,30,0
11040,2,1,50,,,,,
11040,3,,,0,0,,,
11040,4,,,,,0,,
11040,5,,,,,,50,20
11041,2,0,0,,,,,
11041,3,,,0,10,,,
11041,4,,,,,50,,
11041,5,,,,,,20,30
11042,2,1,0,,,,,
11042,3,,,0,60,,,
11042,4,,,,,0,,
11042,5,,,,,,60,0
11044,2,1,0,,,,,
11044,3,,,30,0,,,
11045,2,0,0,,,,,
11045,3,,,40,20,,,
11045,4,,,,,0,,
11045,5,,,,,,0,70
11047,2,1,30,,,,,
11049,2,0,10,,,,,
11049,3,,,0,40,,,
11049,4,,,,,50,,
11049,5,,,,,,0,50
11050,2,0,20,,,,,
11050,3,,,0,0,,,
11050,4,,,,,0,,
11050,5,,,,,,0,0
11051,2,0,0,,,,,
11051,3,,,10,10,,,
11051,4,,,,,50,,
11051,5,,,,,,0,10
11052,2,0,0,,,,,
11052,3,,,20,60,,,
11054,2,0,0,,,,,
11054,3,,,60,10,,,
11054,4,,,,,40,,
11054,5,,,,,,30,70
11055,2,0,0,,,,,
11055,3,,,10,50,,,
11055,4,,,,,0,,
11055,5,,,,,,30,20
11056,4,,,,,0,,
11056,5,,,,,,0,20
11057,4,,,,,0,,
11057,5,,,,,,0,60
11060,4,,,,,0,,
11060,5,,,,,,20,40
11061,4,,,,,0,,
11061,5,,,,,,0,70
11064,3,,,0,0,,,
11064,4,,,,,60,,
11067,5,,,,,,0,0
11068,4,,,,,0,,
11068,5,,,,,,0,0
12001,2,1,40,,,,,
12001,3,,,50,10,,,
12001,4,,,,,30,,
12001,5,,,,,,50,0
12002,2,1,30,,,,,
12002,3,,,0,0,,,
12002,4,,,,,20,,
12002,5,,,,,,0,70
12003,2,1,60,,,,,
12003,3,,,10,0,,,
12003,4,,,,,20,,
12003,5,,,,,,60,20
12004,2,1,40,,,,,
12004,3,,,0,20,,,
12004,4,,,,,20,,
12004,5,,,,,,0,30
12005,2,1,0,,,,,
12005,3,,,0,0,,,
12005,4,,,,,60,,
12005,5,,,,,,0,20
12006,2,0,0,,,,,
12006,3,,,30,60,,,
12006,4,,,,,0,,
12006,5,,,,,,0,80
12007,2,0,30,,,,,
12007,3,,,20,60,,,
12007,4,,,,,0,,
12007,5,,,,,,60,0
12008,2,0,60,,,,,
12008,3,,,0,0,,,
12008,4,,,,,50,,
12008,5,,,,,,0,60
12009,2,0,50,,,,,
12009,3,,,10,50,,,
12009,4,,,,,40,,
12009,5,,,,,,20,0
12010,2,0,0,,,,,
12010,3,,,0,0,,,
12010,4,,,,,0,,
12010,5,,,,,,50,40
12011,2,0,0,,,,,
12011,3,,,0,10,,,
12011,4,,,,,30,,
12011,5,,,,,,40,0
12015,2,1,60,,,,,
12015,3,,,0,30,,,
12015,4,,,,,0,,
12015,5,,,,,,0,40
12016,2,0,30,,,,,
12016,3,,,30,0,,,
12016,4,,,,,0,,
12016,5,,,,,,0,80
12017,2,1,0,,,,,
12017,3,,,0,40,,,
12017,4,,,,,0,,
12017,5,,,,,,30,30
12018,2,0,30,,,,,
12018,3,,,40,0,,,
12018,4,,,,,0,,
12018,5,,,,,,40,10
12019,2,1,0,,,,,
12019,3,,,60,0,,,
12019,4,,,,,50,,
12019,5,,,,,,30,60
12020,2,1,50,,,,,
12020,3,,,0,40,,,
12020,4,,,,,10,,
12020,5,,,,,,0,70
12021,2,1,20,,,,,
12021,3,,,0,10,,,
12021,4,,,,,30,,
12021,5,,,,,,10,80
12022,2,1,0,,,,,
12022,3,,,50,30,,,
12022,4,,,,,60,,
12022,5,,,,,,40,60
12023,2,0,60,,,,,
12023,3,,,0,60,,,
12023,4,,,,,40,,
12023,5,,,,,,0,50
12024,2,0,0,,,,,
12024,3,,,20,50,,,
12024,4,,,,,0,,
12024,5,,,,,,30,50
12025,2,0,0,,,,,
12025,3,,,40,0,,,
12025,4,,,,,0,,
12025,5,,,,,,60,40
12026,2,1,20,,,,,
12026,3,,,50,50,,,
12026,4,,,,,60,,
12026,5,,,,,,0,0
12027,2,0,0,,,,,
12027,3,,,0,30,,,
12027,4,,,,,50,,
12027,5,,,,,,10,0
12028,2,0,50,,,,,
12028,3,,,0,0,,,
12028,4,,,,,40,,
12028,5,,,,,,0,50
12029,2,0,0,,,,,
12029,3,,,50,20,,,
12029,4,,,,,0,,
12029,5,,,,,,20,60
12030,2,1,20,,,,,
12030,3,,,0,0,,,
12030,4,,,,,40,,
12030,5,,,,,,40,10
12031,2,0,10,,,,,
12031,3,,,40,30,,,
12031,4,,,,,10,,
12031,5,,,,,,10,10
12032,2,1,10,,,,,
12032,3,,,40,0,,,
12032,4,,,,,50,,
12032,5,,,,,,0,70
12033,2,1,0,,,,,
12033,3,,,10,40,,,
12033,4,,,,,0,,
12033,5,,,,,,20,70
12034,2,1,0,,,,,
12034,3,,,0,20,,,
12034,4,,,,,0,,
12034,5,,,,,,60,40
12035,2,0,0,,,,,
12035,3,,,20,10,,,
12035,4,,,,,60,,
12035,5,,,,,,10,0
12036,2,1,10,,,,,
12036,3,,,60,0,,,
12036,4,,,,,10,,
12036,5,,,,,,50,30
12037,2,0,10,,,,,
12037,3,,,30,50,,,
12037,4,,,,,20,,
12037,5,,,,,,50,10
12040,2,0,0,,,,,
12040,3,,,60,40,,,
12040,4,,,,,0,,
12040,5,,,,,,20,20
12043,2,0,0,,,,,
12043,3,,,10,0,,,
12043,4,,,,,0,,
12043,5,,,,,,0,80
12044,2,1,0,,,,,
12044,3,,,20,60,,,
12044,4,,,,,10,,
12044,5,,,,,,0,30
13001,2,0,20,,,,,
13001,3,,,20,30,,,
13001,4,,,,,20,,
13001,5,,,,,,40,70
13002,2,0,20,,,,,
13002,3,,,10,40,,,
13002,4,,,,,50,,
13002,5,,,,,,0,0
13003,2,0,10,,,,,
13003,3,,,0,10,,,
13003,4,,,,,0,,
13003,5,,,,,,0,70
13004,2,0,0,,,,,
13004,3,,,10,0,,,
13004,4,,,,,40,,
13004,5,,,,,,60,30
13005,2,0,0,,,,,
13005,3,,,0,0,,,
13005,4,,,,,0,,
13005,5,,,,,,0,50
13006,2,0,0,,,,,
13006,3,,,50,0,,,
13006,4,,,,,60,,
13006,5,,,,,,40,80
13007,2,0,0,,,,,
13007,3,,,0,60,,,
13007,4,,,,,30,,
13007,5,,,,,,60,30
13008,2,0,0,,,,,
13008,3,,,30,20,,,
13008,4,,,,,60,,
13008,5,,,,,,0,0
13009,2,0,0,,,,,
13009,3,,,0,60,,,
13009,4,,,,,60,,
13009,5,,,,,,30,0
13010,2,0,10,,,,,
13010,3,,,0,0,,,
13010,4,,,,,10,,
13010,5,,,,,,0,80
13011,2,0,60,,,,,
13011,3,,,0,0,,,
13011,4,,,,,0,,
13011,5,,,,,,0,50
13012,2,0,30,,,,,
13012,3,,,0,30,,,
13013,2,0,40,,,,,
13013,3,,,0,20,,,
13013,4,,,,,0,,
13013,5,,,,,,0,10
13014,2,0,0,,,,,
13014,3,,,50,0,,,
13014,4,,,,,50,,
13014,5,,,,,,50,80
13015,2,0,50,,,,,
13015,3,,,30,0,,,
13015,4,,,,,30,,
13015,5,,,,,,40,20
13016,2,0,40,,,,,
13016,3,,,0,0,,,
13016,4,,,,,0,,
13016,5,,,,,,20,10
13017,2,0,0,,,,,
13017,3,,,0,10,,,
13017,4,,,,,30,,
13017,5,,,,,,50,60
13018,2,0,0,,,,,
13018,3,,,10,60,,,
13018,4,,,,,20,,
13018,5,,,,,,0,70
13019,2,0,30,,,,,
13019,3,,,40,50,,,
13019,4,,,,,0,,
13019,5,,,,,,10,60
13020,2,0,60,,,,,
13020,3,,,30,10,,,
13020,4,,,,,40,,
13020,5,,,,,,20,40
13021,2,0,50,,,,,
13021,3,,,40,0,,,
13021,4,,,,,0,,
13021,5,,,,,,30,40
13022,2,0,20,,,,,
13022,3,,,0,0,,,
13022,4,,,,,40,,
13022,5,,,,,,10,0
13023,2,0,40,,,,,
13023,3,,,0,0,,,
13023,4,,,,,0,,
13023,5,,,,,,10,20
13025,2,0,50,,,,,
13025,3,,,60,60,,,
13025,4,,,,,0,,
13025,5,,,,,,30,80
13026,2,0,0,,,,,
13026,3,,,60,30,,,
13026,4,,,,,10,,
13026,5,,,,,,0,0
13028,2,0,30,,,,,
13028,3,,,0,40,,,
13028,4,,,,,30,,
13028,5,,,,,,60,60
13029,2,0,60,,,,,
13029,3,,,40,20,,,
13029,4,,,,,0,,
13029,5,,,,,,0,50
13030,2,0,0,,,,,
13030,3,,,20,0,,,
13030,4,,,,,0,,
13030,5,,,,,,50,30
13035,2,0,10,,,,,
13035,3,,,20,50,,,
13035,4,,,,,0,,
13035,5,,,,,,20,20
13036,2,0,0,,,,,
13036,3,,,50,40,,,
13036,4,,,,,10,,
13036,5,,,,,,0,10
13038,4,,,,,0,,
13038,5,,,,,,0,0
14001,2,1,30,,,,,
14001,3,,,20,0,,,
14001,4,,,,,0,,
14001,5,,,,,,30,0
14002,2,0,50,,,,,
14002,3,,,50,0,,,
14002,4,,,,,0,,
14002,5,,,,,,40,50
14003,2,0,40,,,,,
14003,3,,,30,30,,,
14003,4,,,,,50,,
14003,5,,,,,,50,40
14004,2,1,60,,,,,
14004,3,,,40,20,,,
14005,2,0,10,,,,,
14005,3,,,0,0,,,
14005,4,,,,,60,,
14005,5,,,,,,0,70
14006,2,0,0,,,,,
14006,3,,,10,0,,,
14006,4,,,,,0,,
14006,5,,,,,,0,0
14007,2,0,0,,,,,
14007,4,,,,,0,,
14007,5,,,,,,0,60
14008,2,0,0,,,,,
14008,3,,,60,60,,,
14008,4,,,,,30,,
14008,5,,,,,,60,50
14009,2,1,0,,,,,
14009,3,,,50,0,,,
14009,4,,,,,0,,
14009,5,,,,,,60,50
14010,2,0,0,,,,,
14010,3,,,0,40,,,
14010,4,,,,,10,,
14010,5,,,,,,10,60
14011,2,1,0,,,,,
14011,3,,,30,0,,,
14011,4,,,,,30,,
14011,5,,,,,,20,40
14012,2,1,20,,,,,
14012,3,,,20,40,,,
14012,4,,,,,50,,
14012,5,,,,,,0,40
14013,2,1,50,,,,,
14013,3,,,60,20,,,
14013,4,,,,,50,,
14013,5,,,,,,0,40
14014,2,1,50,,,,,
14014,3,,,30,60,,,
14014,4,,,,,20,,
14014,5,,,,,,20,20
14015,2,0,60,,,,,
14015,3,,,10,0,,,
14015,4,,,,,0,,
14015,5,,,,,,0,0
14016,2,1,40,,,,,
14016,3,,,0,20,,,
14016,4,,,,,0,,
14016,5,,,,,,40,20
14017,2,1,50,,,,,
14017,3,,,0,40,,,
14017,4,,,,,0,,
14017,5,,,,,,60,60
14018,2,0,60,,,,,
14018,3,,,0,30,,,
14018,4,,,,,20,,
14018,5,,,,,,50,20
14019,2,0,0,,,,,
14019,3,,,40,60,,,
14019,4,,,,,0,,
14019,5,,,,,,0,0
14020,2,1,0,,,,,
14020,3,,,50,0,,,
14020,4,,,,,60,,
14020,5,,,,,,60,60
14021,2,0,10,,,,,
14021,3,,,0,60,,,
14021,4,,,,,0,,
14021,5,,,,,,60,0
14022,2,0,60,,,,,
14022,3,,,0,30,,,
14022,4,,,,,30,,
14022,5,,,,,,40,20
14023,2,0,0,,,,,
14024,2,1,30,,,,,
14024,3,,,40,0,,,
14024,4,,,,,10,,
14024,5,,,,,,30,80
14026,2,0,10,,,,,
14027,2,0,0,,,,,
14027,3,,,50,50,,,
14027,4,,,,,60,,
14027,5,,,,,,0,70
14028,2,0,0,,,,,
14028,3,,,20,0,,,
14028,4,,,,,0,,
14028,5,,,,,,0,30
14029,2,0,50,,,,,
14029,3,,,20,30,,,
14030,2,1,50,,,,,
14030,3,,,0,50,,,
14030,4,,,,,60,,
14030,5,,,,,,60,10
14031,2,0,0,,,,,
14031,3,,,30,50,,,
14031,4,,,,,0,,
14031,5,,,,,,0,60
14033,2,0,50,,,,,
14033,3,,,10,20,,,
14033,4,,,,,10,,
14033,5,,,,,,20,0
14035,2,0,0,,,,,
14035,3,,,30,0,,,
14035,4,,,,,0,,
14035,5,,,,,,30,30
14037,2,1,30,,,,,
14037,3,,,0,10,,,
14037,4,,,,,50,,
14037,5,,,,,,60,80
14038,2,0,20,,,,,
14038,3,,,40,20,,,
14038,4,,,,,20,,
14038,5,,,,,,0,60
14039,2,1,0,,,,,
14039,3,,,0,60,,,
14039,4,,,,,40,,
14040,2,0,50,,,,,
14040,3,,,60,30,,,
14040,4,,,,,20,,
14040,5,,,,,,50,20
14041,2,0,60,,,,,
14041,3,,,10,0,,,
14041,4,,,,,30,,
14041,5,,,,,,0,80
14043,2,1,0,,,,,
14043,3,,,40,0,,,
14043,4,,,,,20,,
14043,5,,,,,,10,0
14044,2,1,0,,,,,
14044,3,,,60,50,,,
14044,4,,,,,0,,
14044,5,,,,,,0,30
14045,2,1,0,,,,,
14045,3,,,0,50,,,
14045,4,,,,,20,,
14045,5,,,,,,0,50
14046,2,1,0,,,,,
14046,3,,,0,0,,,
14046,4,,,,,0,,
14046,5,,,,,,20,10
14048,2,0,20,,,,,
14048,3,,,10,40,,,
14048,4,,,,,30,,
14048,5,,,,,,0,0
14049,2,0,0,,,,,
14049,3,,,0,40,,,
14049,4,,,,,40,,
14049,5,,,,,,30,50
14050,2,0,10,,,,,
14050,3,,,40,0,,,
14050,4,,,,,0,,
14050,5,,,,,,60,20
14051,2,0,20,,,,,
14051,3,,,0,0,,,
14051,4,,,,,50,,
14051,5,,,,,,0,50
14052,2,1,10,,,,,
14052,3,,,0,50,,,
14052,4,,,,,30,,
14052,5,,,,,,10,0
14053,2,1,40,,,,,
14053,3,,,0,60,,,
14054,2,0,0,,,,,
14054,3,,,10,0,,,
14054,4,,,,,20,,
14054,5,,,,,,10,70
14055,5,,,,,,0,0
14056,2,0,60,,,,,
14056,3,,,0,20,,,
14056,4,,,,,20,,
14056,5,,,,,,40,0
14057,2,0,40,,,,,
14057,3,,,0,0,,,
14057,4,,,,,40,,
14057,5,,,,,,10,30
14058,2,0,0,,,,,
14058,3,,,0,0,,,
14058,4,,,,,0,,
14058,5,,,,,,40,10
14060,2,1,10,,,,,
14060,3,,,0,0,,,
14060,4,,,,,30,,
14060,5,,,,,,30,40
14061,2,1,0,,,,,
14061,3,,,0,0,,,
14061,4,,,,,10,,
14061,5,,,,,,40,10
14062,2,1,30,,,,,
14062,3,,,40,40,,,
14062,4,,,,,0,,
14062,5,,,,,,10,10
14064,2,1,60,,,,,
14064,3,,,30,10,,,
14064,4,,,,,40,,
14064,5,,,,,,0,20
14065,2,0,10,,,,,
14065,3,,,0,60,,,
14065,4,,,,,0,,
14065,5,,,,,,40,10
14066,2,1,0,,,,,
14066,3,,,20,0,,,
14066,4,,,,,0,,
14066,5,,,,,,20,50
14067,2,1,0,,,,,
14067,3,,,40,0,,,
14067,4,,,,,50,,
14067,5,,,,,,30,30
14068,2,0,40,,,,,
14068,3,,,40,10,,,
14069,2,0,40,,,,,
14069,3,,,0,10,,,
14071,2,1,50,,,,,
14071,3,,,0,50,,,
14073,2,1,30,,,,,
14073,3,,,50,60,,,
14073,4,,,,,60,,
14073,5,,,,,,0,80
14074,2,1,10,,,,,
14075,2,1,20,,,,,
14075,3,,,20,0,,,
14075,4,,,,,0,,
14075,5,,,,,,0,60
14076,2,0,60,,,,,
14076,3,,,60,30,,,
14076,4,,,,,40,,
14076,5,,,,,,0,40
14077,2,1,0,,,,,
14077,3,,,20,10,,,
14077,4,,,,,0,,
14077,5,,,,,,50,20
14078,2,0,30,,,,,
14078,3,,,30,30,,,
14078,4,,,,,50,,
14078,5,,,,,,0,60
14082,2,0,30,,,,,
14082,3,,,0,10,,,
14082,4,,,,,10,,
14082,5,,,,,,0,0
14083,2,0,0,,,,,
14083,3,,,10,30,,,
14083,4,,,,,40,,
14083,5,,,,,,50,40
14085,2,1,40,,,,,
14085,3,,,0,0,,,
14085,5,,,,,,0,0
14086,2,1,0,,,,,
14086,3,,,40,0,,,
14086,4,,,,,0,,
14087,2,0,0,,,,,
14087,3,,,0,10,,,
14087,4,,,,,10,,
14087,5,,,,,,10,40
14088,2,1,0,,,,,
14088,3,,,20,0,,,
14088,4,,,,,30,,
14088,5,,,,,,10,70
14089,2,1,60,,,,,
14089,3,,,30,60,,,
14089,4,,,,,0,,
14089,5,,,,,,0,70
14090,2,1,0,,,,,
14090,3,,,60,50,,,
14090,4,,,,,0,,
14090,5,,,,,,10,20
14091,2,1,20,,,,,
14091,3,,,0,0,,,
14091,4,,,,,10,,
14091,5,,,,,,50,0
14092,2,0,0,,,,,
14092,3,,,0,50,,,
14092,4,,,,,40,,
14092,5,,,,,,0,50
14094,2,1,40,,,,,
14094,3,,,30,0,,,
14094,4,,,,,10,,
14094,5,,,,,,20,10
14095,2,1,10,,,,,
14095,3,,,0,0,,,
14095,4,,,,,20,,
14095,5,,,,,,0,40
14096,2,1,0,,,,,
14096,3,,,60,0,,,
14096,4,,,,,0,,
14096,5,,,,,,0,0
14097,2,1,30,,,,,
14097,3,,,50,40,,,
14097,4,,,,,0,,
14097,5,,,,,,0,30
14098,2,0,30,,,,,
14098,3,,,50,0,,,
14098,4,,,,,0,,
14098,5,,,,,,30,80
14099,2,0,60,,,,,
14099,3,,,10,0,,,
14099,4,,,,,50,,
14099,5,,,,,,20,70
14100,2,1,20,,,,,
14100,3,,,0,0,,,
14100,4,,,,,0,,
14100,5,,,,,,50,80
14101,4,,,,,0,,
14101,5,,,,,,0,40
14102,4,,,,,0,,
14102,5,,,,,,0,0
14103,2,1,20,,,,,
14103,3,,,20,10,,,
14103,4,,,,,20,,
14103,5,,,,,,60,50
14104,2,0,0,,,,,
14104,3,,,0,60,,,
14104,4,,,,,50,,
14104,5,,,,,,0,10
14105,2,0,0,,,,,
14105,3,,,0,0,,,
14105,4,,,,,0,,
14105,5,,,,,,30,80
14106,2,1,0,,,,,
14106,3,,,0,10,,,
14106,4,,,,,40,,
14106,5,,,,,,0,70
14108,2,1,0,,,,,
14109,2,0,0,,,,,
14109,3,,,0,10,,,
14109,4,,,,,60,,
14109,5,,,,,,50,10
14110,2,1,0,,,,,
14110,3,,,50,50,,,
14110,4,,,,,60,,
14110,5,,,,,,10,80
14111,2,0,20,,,,,
14111,3,,,50,40,,,
14111,4,,,,,0,,
14111,5,,,,,,0,80
14112,2,1,10,,,,,
14112,3,,,10,30,,,
14112,4,,,,,30,,
14112,5,,,,,,40,30
14113,2,0,40,,,,,
14113,3,,,20,20,,,
14113,4,,,,,10,,
14113,5,,,,,,0,60
14114,2,0,0,,,,,
14114,3,,,30,40,,,
14114,4,,,,,0,,
14114,5,,,,,,50,30
14115,2,0,30,,,,,
14115,3,,,10,0,,,
14115,4,,,,,0,,
14115,5,,,,,,50,0
14116,2,1,20,,,,,
14116,3,,,0,20,,,
14116,4,,,,,60,,
14116,5,,,,,,20,0
14117,3,,,0,0,,,
14117,4,,,,,40,,
14117,5,,,,,,40,70
14118,3,,,0,0,,,
14118,4,,,,,0,,
14118,5,,,,,,0,0
14120,3,,,0,0,,,
14120,4,,,,,60,,
14120,5,,,,,,0,70
14121,3,,,0,0,,,
14121,4,,,,,60,,
14121,5,,,,,,0,40
14122,4,,,,,0,,
14122,5,,,,,,30,30
14124,2,0,0,,,,,
14124,3,,,50,50,,,
14124,4,,,,,50,,
14124,5,,,,,,60,0
14125,2,0,0,,,,,
14125,3,,,0,0,,,
14125,4,,,,,0,,
14125,5,,,,,,0,50
14129,2,0,0,,,,,
14129,3,,,0,0,,,
14129,4,,,,,50,,
14129,5,,,,,,40,80
14130,3,,,0,0,,,
14130,4,,,,,0,,
14130,5,,,,,,0,30
14134,4,,,,,0,,
14134,5,,,,,,0,0
14137,4,,,,,0,,
14137,5,,,,,,20,80
14138,4,,,,,0,,
14138,5,,,,,,30,70
15001,2,0,50,,,,,
15001,3,,,40,0,,,
15001,4,,,,,40,,
15001,5,,,,,,0,80
15002,2,0,50,,,,,
15002,3,,,0,60,,,
15002,4,,,,,0,,
15002,5,,,,,,10,50
15003,2,0,50,,,,,
15003,3,,,30,0,,,
15003,4,,,,,0,,
15003,5,,,,,,20,30
15005,2,0,0,,,,,
15005,3,,,0,0,,,
15005,4,,,,,30,,
15005,5,,,,,,0,80
15006,2,0,30,,,,,
15006,3,,,10,20,,,
15006,4,,,,,0,,
15006,5,,,,,,0,40
15007,2,0,0,,,,,
15007,3,,,10,0,,,
15007,4,,,,,40,,
15007,5,,,,,,0,0
15008,2,0,40,,,,,
15008,3,,,20,40,,,
15008,4,,,,,60,,
15008,5,,,,,,60,70
15009,2,0,30,,,,,
15009,3,,,0,10,,,
15009,4,,,,,0,,
15009,5,,,,,,10,40
15010,2,0,40,,,,,
15010,3,,,20,50,,,
15010,4,,,,,10,,
15010,5,,,,,,40,10
15012,2,0,0,,,,,
15012,3,,,40,0,,,
15012,4,,,,,10,,
15012,5,,,,,,30,30
15013,2,0,40,,,,,
15013,3,,,10,20,,,
15013,4,,,,,0,,
15013,5,,,,,,10,0
15014,2,0,0,,,,,
15014,3,,,0,0,,,
15014,4,,,,,20,,
15014,5,,,,,,30,30
15016,2,0,50,,,,,
15016,3,,,0,0,,,
15016,4,,,,,50,,
15016,5,,,,,,50,20
15018,2,0,20,,,,,
15018,3,,,0,10,,,
15018,4,,,,,0,,
15018,5,,,,,,20,0
15019,2,0,0,,,,,
15019,3,,,20,30,,,
15019,4,,,,,50,,
15019,5,,,,,,20,20
15020,2,0,10,,,,,
15020,3,,,30,10,,,
15020,4,,,,,0,,
15020,5,,,,,,0,70
15021,2,0,10,,,,,
15021,3,,,0,0,,,
15021,4,,,,,30,,
15021,5,,,,,,0,50
15022,2,0,0,,,,,
15022,3,,,0,30,,,
15022,4,,,,,60,,
15022,5,,,,,,10,0
15023,2,0,60,,,,,
15023,3,,,60,60,,,
15023,4,,,,,40,,
15023,5,,,,,,0,60
15024,2,0,0,,,,,
15024,3,,,20,40,,,
15024,4,,,,,0,,
15024,5,,,,,,20,80
15025,2,0,10,,,,,
15025,3,,,40,0,,,
15025,4,,,,,10,,
15025,5,,,,,,60,80
15026,2,0,40,,,,,
15026,3,,,0,0,,,
15026,4,,,,,20,,
15026,5,,,,,,40,40
15027,2,0,10,,,,,
15027,3,,,50,10,,,
15027,4,,,,,10,,
15027,5,,,,,,40,0
15028,2,0,30,,,,,
15028,3,,,0,0,,,
15028,4,,,,,0,,
15028,5,,,,,,0,20
15029,2,0,60,,,,,
15029,3,,,50,60,,,
15029,4,,,,,0,,
15029,5,,,,,,30,10
15030,2,0,0,,,,,
15030,3,,,10,20,,,
15030,4,,,,,50,,
15030,5,,,,,,0,10
15031,2,0,0,,,,,
15031,3,,,40,0,,,
15031,4,,,,,20,,
15031,5,,,,,,30,80
15033,2,0,60,,,,,
15033,3,,,0,50,,,
15033,4,,,,,30,,
15033,5,,,,,,50,70
15034,2,0,0,,,,,
15034,3,,,0,60,,,
15034,4,,,,,60,,
15034,5,,,,,,0,60
15035,2,0,0,,,,,
15035,3,,,30,50,,,
15035,4,,,,,0,,
15035,5,,,,,,60,40
15036,2,0,0,,,,,
15036,3,,,10,30,,,
15036,4,,,,,0,,
15036,5,,,,,,0,20
15037,2,0,20,,,,,
15037,3,,,60,50,,,
15037,4,,,,,0,,
15037,5,,,,,,50,70
15038,2,0,30,,,,,
15038,3,,,30,20,,,
15039,2,0,60,,,,,
15039,3,,,0,0,,,
15039,4,,,,,20,,
15039,5,,,,,,0,0
15040,2,0,0,,,,,
15040,3,,,50,0,,,
15040,4,,,,,10,,
15040,5,,,,,,50,10
15041,2,0,0,,,,,
15041,3,,,60,0,,,
15041,4,,,,,50,,
15041,5,,,,,,40,30
15042,2,0,0,,,,,
15042,3,,,60,60,,,
15042,4,,,,,0,,
15042,5,,,,,,10,50
15044,2,0,0,,,,,
15044,3,,,50,0,,,
15044,4,,,,,0,,
15044,5,,,,,,0,50
15046,2,0,0,,,,,
15046,3,,,0,40,,,
15046,4,,,,,60,,
15046,5,,,,,,0,40
15047,2,0,0,,,,,
15047,3,,,0,30,,,
15047,4,,,,,0,,
15047,5,,,,,,60,60
15048,2,0,20,,,,,
15049,3,,,0,0,,,
15049,4,,,,,30,,
15049,5,,,,,,60,0
15050,2,0,20,,,,,
15050,3,,,0,0,,,
15050,4,,,,,40,,
15050,5,,,,,,0,0
15052,4,,,,,0,,
15052,5,,,,,,0,60
16002,2,1,60,,,,,
16003,2,1,40,,,,,
16003,4,,,,,0,,
16003,5,,,,,,40,30
16004,2,0,0,,,,,
16004,3,,,0,10,,,
16004,4,,,,,0,,
16004,5,,,,,,0,50
16006,2,1,30,,,,,
16006,3,,,0,0,,,
16006,4,,,,,0,,
16006,5,,,,,,0,50
16007,2,0,0,,,,,
16007,3,,,50,0,,,
16007,4,,,,,20,,
16007,5,,,,,,0,10
16008,2,1,40,,,,,
16008,3,,,0,50,,,
16008,4,,,,,30,,
16008,5,,,,,,60,80
16009,2,0,0,,,,,
16009,3,,,10,30,,,
16009,4,,,,,0,,
16009,5,,,,,,10,70
16010,2,1,50,,,,,
16010,3,,,0,20,,,
16010,4,,,,,40,,
16010,5,,,,,,30,20
16011,2,1,30,,,,,
16011,3,,,40,40,,,
16011,4,,,,,50,,
16011,5,,,,,,30,40
16012,2,0,0,,,,,
16012,3,,,40,20,,,
16012,4,,,,,40,,
16012,5,,,,,,40,0
16013,2,1,30,,,,,
16013,3,,,20,0,,,
16014,2,0,0,,,,,
16014,3,,,0,30,,,
16014,4,,,,,60,,
16014,5,,,,,,20,80
16015,2,1,20,,,,,
16015,3,,,0,0,,,
16015,4,,,,,0,,
16015,5,,,,,,0,10
16016,2,0,0,,,,,
16016,3,,,10,50,,,
16016,4,,,,,20,,
16016,5,,,,,,0,70
16017,2,1,20,,,,,
16017,3,,,60,50,,,
16017,4,,,,,30,,
16018,2,0,60,,,,,
16019,2,1,10,,,,,
16019,3,,,20,0,,,
16019,4,,,,,10,,
16019,5,,,,,,0,20
16020,2,1,10,,,,,
16020,3,,,0,20,,,
16020,4,,,,,50,,
16020,5,,,,,,50,40
16021,2,1,50,,,,,
16021,3,,,40,0,,,
16021,4,,,,,0,,
16021,5,,,,,,30,0
16022,2,0,0,,,,,
16022,3,,,40,0,,,
16022,4,,,,,0,,
16022,5,,,,,,60,70
16023,2,1,60,,,,,
16023,3,,,10,40,,,
16023,4,,,,,0,,
16023,5,,,,,,0,0
16024,2,1,30,,,,,
16024,3,,,30,40,,,
16024,4,,,,,0,,
16024,5,,,,,,50,20
16025,2,1,40,,,,,
16025,3,,,30,60,,,
16025,4,,,,,60,,
16025,5,,,,,,0,60
16026,2,0,0,,,,,
16026,3,,,50,40,,,
16026,4,,,,,20,,
16026,5,,,,,,0,0
16027,2,0,60,,,,,
16027,3,,,20,0,,,
16027,4,,,,,50,,
16027,5,,,,,,50,60
16028,2,1,0,,,,,
16028,3,,,40,50,,,
16028,4,,,,,30,,
16028,5,,,,,,50,40
16029,2,0,0,,,,,
16029,3,,,0,60,,,
16029,4,,,,,60,,
16029,5,,,,,,0,0
16030,2,0,0,,,,,
16030,3,,,0,30,,,
16030,4,,,,,0,,
16030,5,,,,,,0,80
16031,2,0,0,,,,,
16031,3,,,50,60,,,
16031,4,,,,,0,,
16031,5,,,,,,0,10
16032,2,0,0,,,,,
16032,3,,,60,0,,,
16032,4,,,,,50,,
16032,5,,,,,,0,0
16033,2,0,0,,,,,
16033,3,,,0,0,,,
16033,4,,,,,0,,
16033,5,,,,,,10,70
16034,2,1,40,,,,,
16034,3,,,50,20,,,
16034,4,,,,,0,,
16034,5,,,,,,30,60
16035,2,1,30,,,,,
16035,3,,,10,0,,,
16035,4,,,,,50,,
16035,5,,,,,,20,40
16036,2,1,10,,,,,
16036,3,,,0,10,,,
16036,4,,,,,10,,
16036,5,,,,,,0,0
16037,2,1,50,,,,,
16037,3,,,0,50,,,
16037,4,,,,,40,,
16037,5,,,,,,10,40
16038,2,0,0,,,,,
16038,3,,,60,10,,,
16038,4,,,,,0,,
16038,5,,,,,,10,20
16039,2,0,60,,,,,
16040,2,0,20,,,,,
16040,3,,,30,60,,,
16040,4,,,,,40,,
16040,5,,,,,,0,30
16041,2,0,0,,,,,
16041,3,,,0,30,,,
16041,4,,,,,40,,
16042,2,1,50,,,,,
16042,3,,,0,10,,,
16042,4,,,,,0,,
16042,5,,,,,,20,30
16043,2,1,10,,,,,
16043,3,,,60,0,,,
16043,4,,,,,0,,
16043,5,,,,,,10,0
16044,2,1,40,,,,,
16044,3,,,0,0,,,
16044,4,,,,,30,,
16044,5,,,,,,60,30
16045,2,0,0,,,,,
16045,3,,,20,0,,,
16045,4,,,,,20,,
16045,5,,,,,,0,10
16046,2,0,10,,,,,
16046,3,,,0,0,,,
16046,4,,,,,10,,
16046,5,,,,,,40,80
16047,2,0,0,,,,,
16047,3,,,20,60,,,
16047,4,,,,,20,,
16047,5,,,,,,20,30
16048,3,,,0,0,,,
16048,4,,,,,60,,
16048,5,,,,,,50,50
16049,3,,,0,0,,,
16049,4,,,,,10,,
16049,5,,,,,,60,60
16050,3,,,0,0,,,
16050,4,,,,,0,,
16050,5,,,,,,40,0
16051,2,0,0,,,,,
16051,3,,,30,20,,,
16051,4,,,,,10,,
16051,5,,,,,,20,10
16052,3,,,0,0,,,
16052,4,,,,,0,,
16052,5,,,,,,0,80
16053,2,0,0,,,,,
16053,3,,,50,40,,,
16053,4,,,,,60,,
16053,5,,,,,,40,70
16063,5,,,,,,0,0
16066,5,,,,,,0,0
