hhid,round,rcsi_1,rcsi_2,rcsi_3,rcsi_4,rcsi_5,hhs_1,hhs_2,hhs_3,resilience_1,data_quality_cons_fs
1002,7,1,0,2,0,2,Rarely,Sometimes,Rarely,Struggling,Acceptable
1003,7,2,0,4,2,1,Never,Rarely,Never,Struggling,Acceptable
1004,7,0,0,0,0,0,Never,Never,Never,Sustainable,Good
1005,7,2,0,2,5,0,Never,Rarely,Never,Struggling,Acceptable
1006,7,0,0,0,0,0,Never,Never,Never,Viable,Acceptable
1007,7,0,0,0,0,0,Never,Never,Never,Viable,Good
1008,7,2,0,0,0,0,Never,Never,Never,Viable,Acceptable
1009,7,2,0,0,0,0,Never,Never,Never,Viable,Acceptable
1010,7,0,0,0,0,0,Never,Never,Never,Viable,Good
1011,7,2,0,0,0,0,Never,Never,Never,Struggling,Acceptable
1012,7,5,2,1,0,0,Never,Never,Never,Struggling,Acceptable
1013,7,1,1,2,0,1,Never,Never,Never,Struggling,Good
1014,7,0,0,0,0,0,Never,Never,Never,Viable,Good
1015,7,2,0,3,3,3,Never,Rarely,Never,Destitute,Acceptable
1016,7,4,2,4,4,4,Sometimes,Sometimes,Sometimes,Struggling,Acceptable
1017,7,2,2,2,2,2,Never,Never,Never,Struggling,Acceptable
1018,7,0,0,0,0,0,Never,Never,Never,Struggling,Acceptable
1019,7,6,5,1,0,0,Never,Never,Never,Struggling,Good
1020,7,0,0,0,0,0,Never,Never,Never,Sustainable,Good
1021,7,3,2,7,0,0,Never,Never,Never,Viable,Acceptable
1022,7,0,0,0,0,0,Never,Never,Never,Viable,Acceptable
1023,7,3,0,0,0,0,Never,Never,Never,Struggling,Acceptable
1024,7,2,0,2,0,1,Rarely,Never,Never,Struggling,Acceptable
1025,7,5,0,4,4,3,Sometimes,Rarely,Sometimes,Struggling,Acceptable
1026,7,0,0,0,0,0,Never,Never,Never,Struggling,Acceptable
1029,7,0,0,0,0,0,Never,Never,Never,Struggling,Good
1031,7,2,0,0,0,0,Never,Never,Never,Viable,Acceptable
1032,7,1,0,2,0,0,Never,Rarely,Never,Struggling,Acceptable
1033,7,0,0,0,0,0,Never,Never,Never,Sustainable,Good
1034,7,4,0,0,0,0,Never,Never,Never,Viable,Acceptable
1035,7,0,0,0,0,0,Never,Never,Never,Sustainable,Good
1036,7,0,0,0,0,0,Never,Never,Never,Viable,Good
1037,7,2,1,0,0,0,Never,Never,Never,Viable,Acceptable
1038,7,0,0,0,0,0,Never,Never,Never,Sustainable,Good
1039,7,0,0,0,0,0,Never,Never,Never,Sustainable,Good
1042,7,0,0,0,0,0,Never,Never,Never,Viable,Good
1045,7,3,1,0,0,0,Never,Never,Never,Destitute,Acceptable
1047,7,3,0,2,2,2,Never,Never,Never,Viable,Acceptable
2001,7,0,0,0,0,0,Never,Never,Never,Viable,Acceptable
2002,7,0,0,0,0,0,Never,Never,Never,Viable,Good
2003,7,0,0,0,0,0,Never,Never,Never,Struggling,Acceptable
2004,7,4,0,2,4,2,Never,Never,Never,Struggling,Acceptable
2005,7,5,5,4,0,0,Never,Never,Never,Struggling,Acceptable
2007,7,3,2,1,0,0,Never,Never,Never,Struggling,Acceptable
2009,7,0,0,0,0,0,Never,Never,Never,Viable,Good
2010,7,4,2,3,3,4,Rarely,Sometimes,Never,Struggling,Acceptable
2011,7,4,0,4,2,0,Never,Rarely,Never,Viable,Acceptable
2012,7,5,4,3,1,1,Rarely,Never,Never,Struggling,Acceptable
2013,7,,,,,,,,,,
2015,7,0,0,0,0,0,Never,Never,Never,Struggling,Good
2016,7,7,0,2,0,0,Never,Never,Never,Struggling,Acceptable
2017,7,3,0,2,0,0,Never,Never,Never,Struggling,Acceptable
2018,7,2,0,0,0,0,Never,Never,Never,Struggling,Acceptable
2019,7,2,2,1,2,3,Never,Never,Never,Viable,Acceptable
2020,7,3,1,0,0,0,Never,Never,Never,Struggling,Acceptable
2021,7,0,0,0,0,0,Never,Never,Never,Viable,Good
2022,7,0,0,0,0,0,Never,Never,Never,Viable,Good
2023,7,4,0,4,3,4,Never,Never,Never,Viable,Acceptable
2024,7,3,0,2,0,0,Never,Never,Never,Sustainable,Acceptable
2025,7,4,2,1,0,0,Never,Never,Never,Viable,Acceptable
2026,7,3,4,3,2,5,Never,Never,Never,Viable,Acceptable
2027,7,2,0,0,0,0,Rarely,Never,Never,Struggling,Acceptable
2028,7,1,0,0,0,0,Never,Never,Never,Struggling,Acceptable
2029,7,1,0,0,0,0,Never,Never,Never,Viable,Acceptable
2030,7,4,3,3,2,2,Never,Never,Never,Struggling,Acceptable
2031,7,0,2,3,0,0,Never,Rarely,Never,Struggling,Acceptable
2032,7,3,0,2,1,0,Never,Never,Never,Struggling,Acceptable
2033,7,3,0,5,5,2,Never,Rarely,Never,Struggling,Acceptable
2034,7,1,0,0,0,0,Never,Never,Never,Sustainable,Good
2035,7,0,0,0,0,0,Never,Never,Never,Sustainable,Acceptable
2036,7,3,3,2,0,0,Never,Never,Never,Viable,Acceptable
2037,7,2,2,3,2,2,Never,Never,Never,Struggling,Good
2038,7,2,3,4,2,4,Never,Never,Never,Struggling,Acceptable
2041,7,,,,,,,,,,
2043,7,2,2,2,3,2,Never,Never,Never,Struggling,Good
2044,7,5,0,5,0,0,Never,Often,Never,Destitute,Acceptable
2045,7,0,0,0,0,0,Never,Rarely,Never,Struggling,Acceptable
2046,7,0,1,0,0,0,Never,Never,Never,Struggling,Acceptable
2047,7,4,0,3,3,3,Never,Never,Never,Struggling,Acceptable
2048,7,2,2,0,0,0,Never,Never,Never,Viable,Acceptable
2049,7,3,0,1,5,2,Never,Rarely,Never,Struggling,Poor
2050,7,0,0,0,0,0,Never,Never,Never,Viable,Acceptable
2051,7,7,0,0,0,0,Never,Never,Never,Struggling,Acceptable
2052,7,5,2,3,4,3,Rarely,Rarely,Never,Struggling,Acceptable
2053,7,2,0,0,4,5,Rarely,Rarely,Never,Struggling,Acceptable
2054,7,7,0,0,5,5,Never,Never,Never,Struggling,Acceptable
2056,7,1,0,1,1,0,Never,Never,Never,Viable,Acceptable
2057,7,0,0,0,0,0,Never,Often,Never,Struggling,Acceptable
2060,7,1,0,1,0,0,Never,Never,Never,Struggling,Good
2065,7,0,0,0,0,0,Never,Never,Never,Sustainable,Good
2067,7,0,0,2,0,0,Never,Never,Never,Viable,Good
2068,7,2,0,0,0,0,Never,Never,Never,Struggling,Good
2069,7,5,4,4,5,4,Sometimes,Sometimes,Rarely,Struggling,Acceptable
2072,7,5,1,5,2,2,Never,Never,Never,Struggling,Acceptable
2073,7,5,3,4,0,0,Rarely,Rarely,Rarely,Struggling,Acceptable
2074,7,5,3,5,1,1,Sometimes,Rarely,Rarely,Struggling,Acceptable
2075,7,0,0,0,0,0,Never,Never,Never,Viable,Good
2076,7,5,4,2,1,1,Never,Never,Never,Struggling,Good
2077,7,0,0,0,0,0,Never,Never,Never,Sustainable,Good
2078,7,1,1,2,1,1,Never,Rarely,Never,Struggling,Acceptable
2079,7,3,4,2,4,2,Never,Never,Never,Struggling,Good
2080,7,3,2,3,4,3,Never,Never,Never,Viable,Acceptable
2081,7,3,4,5,4,4,Never,Never,Never,Struggling,Acceptable
2082,7,3,0,2,1,3,Rarely,Never,Never,Struggling,Acceptable
2084,7,1,0,0,0,0,Never,Never,Never,Struggling,Acceptable
2089,7,3,1,3,4,2,Rarely,Rarely,Never,Struggling,Good
2090,7,6,4,4,4,4,Never,Sometimes,Never,Destitute,Acceptable
2091,7,5,4,1,0,0,Never,Never,Never,Viable,Acceptable
2093,7,7,5,3,3,2,Never,Never,Never,Destitute,Acceptable
2094,7,2,3,2,1,1,Never,Never,Never,Viable,Acceptable
2095,7,5,4,4,1,1,Rarely,Rarely,Rarely,Struggling,Acceptable
2096,7,2,3,3,3,3,Never,Never,Never,Struggling,Good
2097,7,4,0,4,4,4,Rarely,Never,Never,Struggling,Acceptable
2098,7,1,3,0,0,0,Never,Never,Never,Struggling,Acceptable
2099,7,3,1,1,0,0,Rarely,Sometimes,Rarely,Destitute,Acceptable
2100,7,4,0,0,0,2,Rarely,Sometimes,Never,Struggling,Acceptable
2102,7,0,0,0,0,0,Never,Never,Never,Viable,Acceptable
2103,7,1,1,1,0,0,Never,Rarely,Never,Struggling,Acceptable
2106,7,3,0,2,0,0,Never,Never,Never,Struggling,Acceptable
2110,7,3,3,4,5,4,Never,Never,Never,Struggling,Acceptable
2111,7,4,0,1,0,0,Never,Never,Never,Viable,Acceptable
2112,7,0,0,0,0,0,Never,Never,Never,Struggling,Good
2114,7,5,5,6,0,0,Never,Never,Never,Struggling,Acceptable
2126,7,1,0,0,0,0,Never,Never,Never,Struggling,Acceptable
3001,7,5,1,3,2,6,Sometimes,Rarely,Never,Struggling,Acceptable
3002,7,0,0,0,0,0,Never,Never,Never,Struggling,Good
3003,7,1,1,2,1,0,Rarely,Rarely,Rarely,Sustainable,Good
3006,7,2,1,0,2,1,Never,Never,Rarely,Viable,Acceptable
3007,7,3,1,1,0,2,Never,Never,Never,Viable,Acceptable
3008,7,1,0,0,0,0,Never,Never,Never,Sustainable,Acceptable
3009,7,3,5,4,0,6,Rarely,Never,Never,Struggling,Acceptable
3010,7,3,3,2,3,3,Sometimes,Sometimes,Rarely,Struggling,Good
3011,7,2,0,0,0,0,Never,Never,Never,Viable,Acceptable
3013,7,3,0,0,0,0,Rarely,Never,Never,Struggling,Acceptable
3015,7,5,0,2,1,0,Rarely,Rarely,Never,Viable,Acceptable
3016,7,3,1,4,0,0,Never,Never,Never,Viable,Acceptable
3018,7,0,0,0,0,0,Never,Never,Never,Viable,Acceptable
3020,7,2,1,2,5,3,Never,Never,Never,Struggling,Poor
3021,7,5,5,6,6,4,Sometimes,Sometimes,Rarely,Struggling,Acceptable
3022,7,4,0,4,5,2,Never,Never,Never,Struggling,Acceptable
3023,7,0,0,0,0,0,Never,Never,Never,Sustainable,Acceptable
3024,7,4,2,2,1,3,Never,Never,Never,Struggling,Acceptable
3026,7,5,0,5,5,5,Never,Never,Never,Struggling,Acceptable
3027,7,0,7,7,7,7,Never,Rarely,Never,Struggling,Acceptable
3028,7,3,2,3,5,4,Never,Never,Never,Struggling,Good
3029,7,0,0,0,0,0,Never,Never,Never,Viable,Acceptable
3031,7,0,0,0,0,0,Never,Never,Never,Viable,Acceptable
3033,7,7,6,7,0,7,Often,Often,Often,Destitute,Acceptable
3034,7,2,0,0,0,0,Never,Never,Never,Struggling,Acceptable
3035,7,7,0,0,0,0,Never,Never,Never,Viable,Good
3041,7,1,2,1,3,3,Never,Never,Never,Viable,Acceptable
4001,7,1,1,2,0,2,Never,Never,Never,Struggling,Acceptable
4002,7,0,0,0,0,0,Never,Never,Never,Viable,Good
4004,7,2,0,2,3,2,Rarely,Rarely,Never,Viable,Good
4005,7,0,0,0,0,0,Never,Never,Never,Viable,Good
4007,7,1,2,1,2,2,Never,Never,Never,Viable,Acceptable
4009,7,,,,,,,,,,
4010,7,5,1,1,0,0,Never,Never,Never,Viable,Acceptable
4011,7,3,3,2,2,3,Never,Never,Never,Viable,Acceptable
4013,7,1,2,1,0,1,Rarely,Never,Never,Viable,Acceptable
4014,7,1,0,2,0,3,Rarely,Never,Never,Viable,Acceptable
4019,7,4,2,2,4,3,Rarely,Never,Rarely,Struggling,Acceptable
4020,7,5,5,3,1,1,Never,Never,Never,Struggling,Good
4021,7,2,1,1,2,2,Rarely,Rarely,Never,Struggling,Good
4022,7,1,1,2,1,1,Rarely,Rarely,Rarely,Viable,Acceptable
4023,7,,,,,,,,,,
4025,7,3,5,4,0,0,Never,Never,Never,Destitute,Acceptable
4026,7,6,6,6,6,6,Rarely,Rarely,Never,Destitute,Acceptable
4027,7,7,6,5,0,6,Never,Never,Never,Destitute,Good
4028,7,3,2,2,2,2,Never,Never,Never,Struggling,Acceptable
4029,7,2,2,3,2,2,Rarely,Rarely,Never,Struggling,Good
4030,7,0,1,1,0,0,Sometimes,Sometimes,Sometimes,Struggling,Acceptable
4031,7,1,1,1,2,1,Never,Never,Never,Struggling,Acceptable
4032,7,1,1,1,1,1,Rarely,Never,Never,Struggling,Acceptable
4033,7,1,1,2,2,1,Sometimes,Sometimes,Sometimes,Destitute,Acceptable
4034,7,2,3,1,2,3,Often,Often,Often,Destitute,Acceptable
4035,7,2,1,2,2,2,Sometimes,Sometimes,Rarely,Struggling,Acceptable
4037,7,1,0,1,0,0,Rarely,Rarely,Rarely,Viable,Acceptable
4038,7,5,0,3,3,1,Never,Never,Never,Struggling,Acceptable
4039,7,2,0,1,1,0,Rarely,Never,Never,Viable,Acceptable
4040,7,1,0,4,0,4,Rarely,Never,Never,Viable,Acceptable
4041,7,,,,,,,,,,
4043,7,2,1,3,1,3,Never,Never,Never,Viable,Acceptable
4044,7,7,2,3,0,3,Sometimes,Sometimes,Sometimes,Destitute,Poor
4045,7,0,0,2,0,2,Never,Never,Never,Viable,Acceptable
4047,7,,,,,,,,,,
4048,7,1,1,2,1,2,Never,Never,Never,Viable,Acceptable
4050,7,1,0,1,0,2,Never,Never,Never,Viable,Acceptable
4051,7,1,2,1,1,1,Never,Never,Never,Viable,Acceptable
4052,7,2,0,0,0,0,Never,Never,Never,Viable,Acceptable
4053,7,2,0,3,1,2,Never,Never,Never,Struggling,Acceptable
4054,7,0,0,0,0,0,Never,Never,Never,Struggling,Good
4055,7,2,3,2,3,2,Never,Never,Never,Struggling,Acceptable
4057,7,2,1,1,1,1,Never,Never,Never,Struggling,Acceptable
4058,7,3,2,2,0,3,Sometimes,Sometimes,Rarely,Struggling,Acceptable
4059,7,4,0,0,7,0,Never,Rarely,Never,Struggling,Acceptable
4060,7,1,1,2,1,1,Never,Never,Never,Viable,Acceptable
4063,7,0,1,0,0,0,Rarely,Rarely,Rarely,Viable,Acceptable
4064,7,6,2,0,0,0,Never,Rarely,Never,Struggling,Acceptable
4066,7,3,4,4,4,3,Never,Never,Never,Viable,Acceptable
4068,7,0,0,0,0,0,Never,Never,Never,Viable,Good
4070,7,3,2,3,2,2,Rarely,Rarely,Never,Viable,Good
4071,7,7,4,5,2,7,Often,Sometimes,Sometimes,Destitute,Acceptable
4073,7,2,2,1,1,2,Never,Never,Never,Struggling,Acceptable
4074,7,3,1,2,1,3,Sometimes,Sometimes,Rarely,Struggling,Acceptable
4075,7,2,1,2,1,2,Rarely,Never,Never,Struggling,Acceptable
4076,7,6,1,1,0,0,Never,Never,Never,Struggling,Acceptable
4078,7,2,1,3,2,3,Rarely,Rarely,Rarely,Struggling,Acceptable
4079,7,0,0,0,0,0,Never,Never,Never,Viable,Good
4082,7,1,3,2,1,2,Never,Never,Never,Viable,Acceptable
4084,7,3,0,2,2,2,Rarely,Rarely,Never,Viable,Good
4086,7,3,2,1,1,1,Never,Never,Never,Struggling,Acceptable
4087,7,5,4,2,1,1,Rarely,Rarely,Rarely,Struggling,Acceptable
4089,7,1,1,2,1,2,Never,Never,Never,Struggling,Acceptable
4090,7,3,2,4,2,4,Often,Sometimes,Never,Struggling,Acceptable
4095,7,2,1,2,1,2,Sometimes,Rarely,Never,Struggling,Acceptable
4103,7,2,0,1,0,0,Rarely,Rarely,Never,Struggling,Acceptable
4107,7,,,,,,,,,,
4108,7,2,2,2,2,2,Rarely,Rarely,Never,Struggling,Good
4110,7,3,2,3,1,1,Rarely,Rarely,Never,Viable,Good
4111,7,0,3,2,1,2,Never,Never,Never,Struggling,Acceptable
5001,7,2,1,1,0,1,Never,Never,Never,Struggling,Acceptable
5002,7,2,2,1,1,2,Never,Never,Never,Struggling,Acceptable
5005,7,3,0,2,2,0,Never,Rarely,Never,Struggling,Good
5008,7,2,5,3,5,5,Never,Never,Never,Struggling,Poor
5009,7,3,4,3,3,3,Sometimes,Sometimes,Rarely,Struggling,Acceptable
5010,7,2,0,3,0,3,Sometimes,Sometimes,Sometimes,Destitute,Acceptable
5011,7,2,3,2,3,5,Rarely,Never,Never,Struggling,Good
5012,7,0,0,1,0,1,Never,Never,Never,Viable,Acceptable
5013,7,3,1,3,2,1,Sometimes,Rarely,Never,Struggling,Acceptable
5015,7,3,2,2,2,3,Sometimes,Rarely,Rarely,Destitute,Acceptable
5016,7,2,1,2,1,1,Rarely,Never,Never,Viable,Acceptable
5018,7,3,1,2,1,0,Never,Never,Never,Viable,Good
5019,7,5,2,4,1,3,Often,Sometimes,Never,Struggling,Acceptable
5020,7,3,2,1,1,2,Never,Never,Never,Struggling,Acceptable
5021,7,2,0,1,0,1,Rarely,Never,Never,Viable,Acceptable
5022,7,6,3,6,6,5,Often,Sometimes,Sometimes,Struggling,Acceptable
5024,7,2,2,1,1,2,Never,Never,Never,Struggling,Acceptable
5027,7,2,2,2,3,3,Rarely,Rarely,Rarely,Struggling,Good
5030,7,1,1,1,0,1,Rarely,Sometimes,Rarely,Viable,Acceptable
5034,7,3,3,2,4,3,Never,Never,Never,Struggling,Acceptable
5037,7,0,1,1,1,1,Sometimes,Sometimes,Rarely,Viable,Acceptable
5038,7,1,2,1,2,2,Rarely,Rarely,Rarely,Viable,Good
5041,7,1,2,2,1,2,Sometimes,Sometimes,Sometimes,Struggling,Acceptable
5044,7,2,2,2,1,2,Never,Never,Never,Struggling,Acceptable
5045,7,2,1,1,1,2,Never,Never,Never,Viable,Acceptable
5046,7,3,2,3,2,2,Sometimes,Sometimes,Rarely,Struggling,Good
5047,7,3,2,1,2,3,Never,Never,Never,Viable,Good
5049,7,3,3,2,0,2,Rarely,Rarely,Rarely,Struggling,Good
5050,7,7,6,7,3,7,Often,Often,Rarely,Destitute,Good
5051,7,3,6,5,5,4,Never,Never,Never,Struggling,Good
5052,7,6,2,4,2,2,Never,Never,Never,Struggling,Acceptable
5053,7,2,3,5,3,6,Never,Rarely,Never,Viable,Good
5054,7,4,3,5,3,5,Often,Sometimes,Never,Struggling,Acceptable
5055,7,1,2,1,2,2,Never,Never,Rarely,Viable,Acceptable
5056,7,0,0,0,0,0,Never,Never,Never,Viable,Acceptable
5057,7,4,1,2,1,1,Rarely,Never,Never,Struggling,Acceptable
5061,7,3,2,3,3,2,Never,Rarely,Never,Struggling,Good
5066,7,3,0,3,3,3,Never,Rarely,Rarely,Viable,Good
5067,7,2,1,2,2,3,Rarely,Never,Never,Struggling,Acceptable
5068,7,1,0,0,0,0,Never,Rarely,Never,Viable,Acceptable
5069,7,1,2,2,3,1,Rarely,Never,Never,Viable,Acceptable
5070,7,2,3,1,2,1,Rarely,Never,Never,Viable,Acceptable
5072,7,3,1,1,1,2,Rarely,Never,Rarely,Struggling,Acceptable
5073,7,3,1,2,0,3,Sometimes,Rarely,Never,Struggling,Acceptable
5075,7,1,0,2,1,1,Never,Rarely,Never,Viable,Good
5077,7,2,2,0,2,2,Rarely,Sometimes,Rarely,Struggling,Good
5082,7,3,2,3,2,6,Never,Never,Never,Struggling,Good
5084,7,2,3,2,3,2,Sometimes,Sometimes,Sometimes,Struggling,Acceptable
5086,7,2,2,1,0,1,Rarely,Rarely,Never,Struggling,Acceptable
5088,7,4,3,4,6,6,Never,Never,Never,Struggling,Good
5089,7,3,2,3,2,3,Often,Sometimes,Sometimes,Destitute,Acceptable
5093,7,2,2,1,1,1,Rarely,Never,Never,Struggling,Good
5094,7,2,2,1,0,1,Never,Never,Never,Struggling,Acceptable
5096,7,6,3,3,5,3,Rarely,Never,Never,Struggling,Good
6001,7,2,0,2,0,2,Never,Rarely,Never,Struggling,Good
6002,7,1,1,1,0,0,Never,Never,Never,Struggling,Acceptable
6004,7,,,,,,,,,,
6005,7,3,2,4,3,3,Rarely,Never,Never,Struggling,Poor
6007,7,1,1,1,0,0,Never,Never,Never,Struggling,Good
6008,7,,,,,,,,,,
6009,7,3,0,4,3,2,Never,Never,Never,Viable,Acceptable
6011,7,1,0,1,0,1,Rarely,Never,Never,Viable,Acceptable
6012,7,,,,,,,,,,
6013,7,2,1,1,1,2,Rarely,Rarely,Never,Destitute,Acceptable
6014,7,,,,,,,,,,
6015,7,2,1,4,3,6,Never,Rarely,Rarely,Struggling,Good
6016,7,0,0,3,0,3,Never,Never,Never,Viable,Good
6018,7,1,2,2,2,2,Rarely,Rarely,Sometimes,Destitute,Good
6019,7,1,0,1,0,0,Never,Never,Never,Struggling,Good
6020,7,0,0,1,0,1,Never,Never,Never,Sustainable,Acceptable
6021,7,3,0,2,0,2,Rarely,Never,Never,Viable,Acceptable
6022,7,0,0,0,0,0,Never,Never,Never,Viable,Good
6023,7,1,2,0,4,3,Never,Never,Never,Viable,Good
6024,7,3,2,1,0,2,Never,Never,Never,Destitute,Good
6025,7,1,1,2,1,1,Sometimes,Sometimes,Sometimes,Struggling,Acceptable
6026,7,4,3,3,3,4,Often,Often,Often,Destitute,Acceptable
6027,7,2,2,4,0,3,Never,Never,Never,Sustainable,Good
6028,7,2,1,2,0,2,Rarely,Never,Never,Viable,Acceptable
6029,7,7,3,6,2,6,Often,Sometimes,Rarely,Struggling,Acceptable
6030,7,5,4,3,4,3,Rarely,Rarely,Never,Destitute,Good
6031,7,2,2,1,1,1,Never,Never,Never,Struggling,Acceptable
6032,7,1,0,1,1,0,Rarely,Rarely,Rarely,Viable,Acceptable
6033,7,2,0,1,2,2,Never,Never,Never,Viable,Good
6034,7,0,0,1,0,1,Rarely,Never,Never,Viable,Good
6035,7,1,2,3,1,3,Sometimes,Sometimes,Sometimes,Viable,Acceptable
6036,7,1,0,0,0,2,Never,Never,Never,Struggling,Acceptable
6038,7,2,2,3,1,4,Sometimes,Sometimes,Rarely,Struggling,Acceptable
6040,7,2,1,1,2,3,Sometimes,Rarely,Never,Struggling,Acceptable
6041,7,0,0,2,0,2,Never,Never,Never,Viable,Acceptable
6042,7,2,2,3,3,4,Never,Sometimes,Rarely,Struggling,Good
6043,7,0,0,0,0,0,Never,Never,Never,Destitute,Poor
6044,7,2,0,1,2,3,Never,Never,Never,Viable,Good
6045,7,1,2,1,3,2,Rarely,Rarely,Rarely,Viable,Acceptable
6046,7,1,2,1,1,2,Sometimes,Sometimes,Sometimes,Struggling,Acceptable
6047,7,1,2,1,1,2,Sometimes,Sometimes,Sometimes,Struggling,Acceptable
6048,7,2,3,2,1,2,Never,Never,Never,Struggling,Acceptable
6049,7,1,2,1,1,2,Never,Never,Never,Viable,Good
6050,7,2,1,3,2,3,Rarely,Rarely,Never,Struggling,Good
6052,7,1,1,2,1,1,Sometimes,Sometimes,Sometimes,Struggling,Acceptable
6053,7,2,0,4,3,2,Sometimes,Sometimes,Rarely,Destitute,Good
6054,7,6,2,5,4,6,Sometimes,Never,Never,Struggling,Good
6056,7,2,2,1,1,3,Sometimes,Sometimes,Sometimes,Struggling,Acceptable
6057,7,6,1,2,0,6,Rarely,Sometimes,Never,Viable,Acceptable
6058,7,3,2,1,1,2,Never,Never,Rarely,Destitute,Good
6059,7,1,2,1,1,2,Rarely,Never,Never,Viable,Acceptable
6060,7,2,2,1,2,1,Rarely,Never,Never,Viable,Acceptable
6061,7,2,1,1,3,1,Rarely,Never,Never,Struggling,Acceptable
6062,7,1,1,2,1,1,Sometimes,Sometimes,Sometimes,Struggling,Acceptable
6063,7,4,3,2,3,3,Often,Sometimes,Rarely,Struggling,Acceptable
6064,7,3,1,2,2,3,Sometimes,Rarely,Rarely,Struggling,Acceptable
6065,7,5,3,4,2,4,Never,Never,Never,Struggling,Acceptable
6066,7,1,2,1,2,1,Sometimes,Sometimes,Sometimes,Struggling,Acceptable
6067,7,1,2,2,1,1,Sometimes,Sometimes,Sometimes,Viable,Acceptable
6068,7,2,0,2,3,2,Rarely,Rarely,Never,Struggling,Good
6069,7,2,2,3,0,2,Never,Never,Never,Struggling,Acceptable
6070,7,3,0,2,1,3,Sometimes,Sometimes,Never,Destitute,Good
6071,7,1,2,3,4,3,Sometimes,Often,Sometimes,Destitute,Good
6072,7,2,0,2,2,0,Rarely,Rarely,Never,Viable,Good
6073,7,1,0,0,0,1,Never,Never,Never,Viable,Acceptable
6074,7,3,2,3,2,3,Sometimes,Sometimes,Sometimes,Struggling,Acceptable
6076,7,3,2,4,5,2,Rarely,Rarely,Rarely,Struggling,Acceptable
6077,7,2,1,1,1,2,Never,Never,Never,Struggling,Acceptable
6078,7,5,2,1,3,2,Sometimes,Sometimes,Sometimes,Struggling,Acceptable
6079,7,2,0,7,2,0,Never,Never,Never,Sustainable,Good
6081,7,3,1,2,3,2,Rarely,Never,Never,Viable,Acceptable
6082,7,3,1,3,0,3,Often,Rarely,Never,Struggling,Acceptable
6084,7,2,1,2,0,1,Rarely,Sometimes,Rarely,Viable,Acceptable
6085,7,2,1,1,0,1,Never,Never,Never,Struggling,Acceptable
6086,7,2,0,3,2,2,Rarely,Rarely,Never,Struggling,Good
6087,7,5,2,3,4,5,Never,Never,Never,Struggling,Good
6088,7,2,3,2,4,4,Never,Never,Never,Struggling,Good
6089,7,1,0,1,1,1,Never,Rarely,Never,Struggling,Good
6090,7,3,2,2,2,2,Sometimes,Sometimes,Rarely,Struggling,Acceptable
6092,7,2,3,0,1,2,Rarely,Never,Never,Struggling,Acceptable
6093,7,2,1,2,1,2,Rarely,Never,Never,Struggling,Acceptable
6094,7,1,0,1,0,2,Rarely,Never,Never,Struggling,Acceptable
6095,7,1,0,1,1,1,Rarely,Rarely,Rarely,Viable,Acceptable
6096,7,1,0,1,1,1,Never,Never,Never,Struggling,Acceptable
6098,7,0,0,1,0,0,Never,Never,Never,Viable,Good
6101,7,3,2,3,2,3,Sometimes,Sometimes,Sometimes,Struggling,Acceptable
6102,7,1,2,1,1,2,Never,Never,Never,Viable,Acceptable
6103,7,5,2,4,2,4,Often,Often,Sometimes,Destitute,Good
6104,7,6,3,4,3,7,Often,Sometimes,Rarely,Destitute,Acceptable
6105,7,,,,,,,,,,
6107,7,1,0,2,1,2,Rarely,Never,Never,Viable,Good
6108,7,2,1,3,2,1,Rarely,Never,Never,Struggling,Acceptable
6109,7,2,4,2,2,4,Sometimes,Sometimes,Rarely,Destitute,Good
6112,7,2,3,2,2,2,Rarely,Rarely,Never,Struggling,Acceptable
6113,7,2,0,1,0,1,Rarely,Never,Never,Viable,Acceptable
6114,7,1,0,2,1,1,Rarely,Never,Never,Struggling,Acceptable
6115,7,,,,,,,,,,
6116,7,0,0,0,0,0,Never,Never,Never,Viable,Acceptable
6123,7,2,1,1,2,2,Never,Never,Never,Destitute,Acceptable
6124,7,0,0,0,0,0,Never,Never,Never,Sustainable,Acceptable
7002,7,4,5,6,5,3,Rarely,Never,Never,Struggling,Good
7003,7,2,1,1,1,1,Never,Never,Never,Struggling,Good
7004,7,0,0,0,0,0,Never,Never,Never,Viable,Good
7005,7,3,0,3,2,2,Rarely,Rarely,Never,Viable,Good
7006,7,3,0,2,1,2,Never,Never,Never,Viable,Good
7007,7,4,0,2,0,0,Never,Never,Never,Viable,Good
7008,7,2,3,2,3,2,Rarely,Never,Never,Struggling,Acceptable
7009,7,2,2,2,1,1,Rarely,Rarely,Never,Viable,Good
7010,7,3,2,2,2,1,Rarely,Rarely,Never,Struggling,Good
7011,7,1,0,4,0,3,Rarely,Never,Never,Viable,Acceptable
7012,7,1,2,1,1,1,Sometimes,Sometimes,Sometimes,Struggling,Acceptable
7013,7,3,0,0,0,0,Never,Never,Never,Struggling,Acceptable
7014,7,0,0,1,0,1,Never,Never,Never,Viable,Acceptable
7015,7,2,1,3,1,1,Never,Never,Never,Struggling,Acceptable
7016,7,4,5,3,5,3,Rarely,Never,Never,Struggling,Acceptable
7017,7,0,0,2,0,2,Never,Never,Never,Sustainable,Good
7018,7,1,1,1,0,1,Never,Never,Never,Viable,Acceptable
7019,7,5,1,4,0,4,Often,Rarely,Never,Struggling,Acceptable
7020,7,3,0,2,0,2,Rarely,Never,Never,Viable,Acceptable
7021,7,2,0,2,2,2,Rarely,Rarely,Never,Viable,Acceptable
7022,7,1,0,1,1,1,Rarely,Rarely,Never,Struggling,Acceptable
7023,7,0,0,0,0,0,Never,Rarely,Never,Viable,Acceptable
7024,7,2,2,3,2,2,Rarely,Rarely,Never,Viable,Good
7025,7,2,2,1,1,1,Never,Never,Never,Struggling,Acceptable
7026,7,2,2,1,1,1,Never,Never,Never,Struggling,Acceptable
7027,7,1,0,1,1,0,Rarely,Never,Never,Struggling,Acceptable
7028,7,2,2,1,1,1,Never,Never,Never,Struggling,Acceptable
7029,7,2,1,2,2,1,Never,Never,Never,Viable,Acceptable
7030,7,2,0,1,1,0,Rarely,Never,Never,Struggling,Acceptable
7031,7,2,3,4,3,2,Often,Sometimes,Rarely,Destitute,Acceptable
7032,7,0,1,2,1,1,Never,Never,Never,Viable,Acceptable
7033,7,2,2,1,1,1,Never,Never,Never,Struggling,Acceptable
7034,7,1,1,1,1,3,Never,Never,Never,Struggling,Acceptable
7035,7,0,2,1,0,1,Never,Never,Never,Viable,Acceptable
7036,7,1,1,2,1,2,Sometimes,Sometimes,Sometimes,Struggling,Acceptable
7037,7,3,2,2,2,2,Rarely,Rarely,Never,Struggling,Good
7038,7,1,1,0,2,1,Sometimes,Sometimes,Sometimes,Struggling,Acceptable
7039,7,2,2,1,2,1,Never,Never,Never,Viable,Acceptable
7040,7,2,0,2,2,1,Sometimes,Rarely,Never,Struggling,Acceptable
7041,7,2,0,2,0,0,Never,Never,Never,Struggling,Acceptable
7042,7,2,2,1,2,2,Sometimes,Sometimes,Sometimes,Struggling,Acceptable
7043,7,1,0,2,0,2,Rarely,Never,Never,Struggling,Acceptable
7049,7,1,0,1,0,1,Rarely,Never,Never,Struggling,Acceptable
8001,7,3,2,2,3,2,Sometimes,Sometimes,Rarely,Destitute,Good
8002,7,1,1,1,2,1,Never,Rarely,Never,Viable,Acceptable
8003,7,2,1,1,1,1,Rarely,Rarely,Rarely,Viable,Acceptable
8005,7,1,0,2,1,2,Rarely,Never,Never,Struggling,Good
8006,7,0,1,1,1,0,Rarely,Never,Rarely,Destitute,Good
8007,7,2,2,1,1,1,Rarely,Rarely,Rarely,Struggling,Acceptable
8009,7,1,2,1,1,0,Sometimes,Rarely,Sometimes,Struggling,Good
8010,7,2,3,2,3,2,Sometimes,Rarely,Sometimes,Struggling,Acceptable
8011,7,5,4,4,3,2,Often,Rarely,Rarely,Struggling,Acceptable
8012,7,5,6,4,3,4,Often,Sometimes,Rarely,Struggling,Good
8013,7,1,1,1,1,1,Sometimes,Rarely,Sometimes,Struggling,Good
8014,7,3,0,2,0,1,Never,Never,Never,Viable,Good
8015,7,5,4,5,3,4,Often,Sometimes,Rarely,Struggling,Acceptable
8018,7,3,1,2,0,0,Rarely,Never,Never,Struggling,Good
8019,7,5,4,3,4,3,Sometimes,Often,Rarely,Struggling,Good
8020,7,6,0,0,0,0,Rarely,Never,Never,Destitute,Good
8021,7,4,1,2,1,1,Rarely,Rarely,Never,Struggling,Good
8022,7,5,4,5,4,4,Sometimes,Rarely,Never,Struggling,Acceptable
8024,7,6,5,6,6,6,Often,Sometimes,Rarely,Struggling,Good
8025,7,1,2,3,2,2,Sometimes,Rarely,Sometimes,Struggling,Acceptable
8026,7,0,0,0,0,0,Never,Never,Never,Viable,Good
8027,7,4,1,3,1,1,Rarely,Rarely,Never,Struggling,Good
8029,7,2,4,3,4,3,Sometimes,Often,Sometimes,Destitute,Good
8030,7,7,0,6,0,6,Sometimes,Sometimes,Rarely,Destitute,Good
8032,7,2,0,2,2,2,Sometimes,Sometimes,Never,Struggling,Good
8034,7,0,1,2,0,3,Never,Never,Never,Struggling,Good
8035,7,5,4,3,3,3,Sometimes,Sometimes,Rarely,Destitute,Good
8036,7,0,2,1,3,5,Sometimes,Rarely,Sometimes,Destitute,Acceptable
8038,7,1,1,1,2,1,Rarely,Rarely,Rarely,Viable,Acceptable
8039,7,7,3,4,3,6,Sometimes,Rarely,Never,Destitute,Good
8040,7,,,,,,,,,,
8041,7,,,,,,,,,,
8044,7,5,2,4,3,2,Sometimes,Sometimes,Rarely,Struggling,Acceptable
8045,7,4,4,5,5,4,Often,Sometimes,Rarely,Struggling,Good
8047,7,3,2,5,4,4,Sometimes,Rarely,Sometimes,Struggling,Good
8048,7,2,0,0,0,0,Rarely,Rarely,Never,Viable,Good
8049,7,2,1,0,0,0,Rarely,Never,Never,Viable,Good
8051,7,,,,,,,,,,
8052,7,4,5,4,5,5,Sometimes,Sometimes,Sometimes,Struggling,Acceptable
8053,7,0,0,0,0,0,Never,Never,Never,Viable,Good
8054,7,1,1,1,2,1,Rarely,Rarely,Rarely,Viable,Acceptable
8055,7,0,0,0,0,0,Never,Never,Never,Sustainable,Good
8056,7,0,0,0,0,0,Never,Never,Never,Viable,Good
8057,7,1,0,0,0,1,Never,Never,Never,Struggling,Good
8059,7,1,1,1,0,1,Rarely,Rarely,Rarely,Viable,Acceptable
8061,7,7,0,4,3,5,Sometimes,Never,Never,Destitute,Good
8062,7,5,2,4,2,2,Sometimes,Sometimes,Rarely,Destitute,Good
8070,7,1,0,1,1,2,Rarely,Never,Sometimes,Destitute,Good
9001,7,,,,,,,,,,
9002,7,3,2,3,2,0,Rarely,Rarely,Never,Destitute,Acceptable
9003,7,3,2,0,2,1,Rarely,Rarely,Rarely,Viable,Acceptable
9004,7,3,3,2,2,1,Sometimes,Rarely,Rarely,Struggling,Acceptable
9005,7,2,1,2,2,1,Rarely,Rarely,Never,Struggling,Acceptable
9006,7,3,4,2,2,4,Often,Sometimes,Never,Struggling,Acceptable
9007,7,2,3,4,1,1,Rarely,Rarely,Rarely,Struggling,Acceptable
9008,7,5,3,7,4,2,Sometimes,Sometimes,Rarely,Struggling,Acceptable
9009,7,0,5,2,6,0,Rarely,Rarely,Never,Struggling,Acceptable
9010,7,4,3,2,3,2,Rarely,Rarely,Never,Struggling,Acceptable
9011,7,3,4,2,3,2,Rarely,Never,Never,Struggling,Acceptable
9012,7,2,3,2,3,2,Sometimes,Sometimes,Rarely,Struggling,Acceptable
9013,7,4,1,1,0,0,Never,Rarely,Rarely,Struggling,Acceptable
9014,7,2,1,1,0,0,Never,Rarely,Never,Struggling,Acceptable
9015,7,6,5,7,3,4,Often,Rarely,Rarely,Struggling,Acceptable
9016,7,2,1,2,1,1,Rarely,Rarely,Never,Struggling,Acceptable
9017,7,7,6,7,4,3,Sometimes,Rarely,Rarely,Struggling,Acceptable
9020,7,2,2,6,3,4,Rarely,Never,Never,Struggling,Good
9021,7,0,2,2,1,0,Rarely,Rarely,Never,Struggling,Good
9022,7,7,2,7,7,4,Sometimes,Often,Rarely,Struggling,Acceptable
9023,7,,,,,,,,,,
9024,7,4,3,1,1,1,Rarely,Rarely,Rarely,Struggling,Acceptable
9025,7,5,4,0,2,0,Sometimes,Never,Never,Struggling,Acceptable
9026,7,7,3,7,5,2,Sometimes,Sometimes,Sometimes,Struggling,Acceptable
9027,7,2,1,1,2,1,Sometimes,Never,Never,Struggling,Good
9028,7,0,1,0,0,0,Rarely,Never,Never,Struggling,Acceptable
9029,7,5,1,5,1,2,Never,Rarely,Never,Struggling,Acceptable
9030,7,5,0,4,0,0,Never,Never,Never,Viable,Good
9031,7,2,4,1,0,0,Never,Rarely,Rarely,Struggling,Acceptable
9032,7,3,2,3,3,2,Rarely,Rarely,Sometimes,Struggling,Good
9033,7,3,3,2,3,2,Never,Never,Rarely,Destitute,Acceptable
9034,7,7,2,3,3,4,Sometimes,Rarely,Never,Struggling,Acceptable
9035,7,3,4,5,2,3,Sometimes,Sometimes,Rarely,Destitute,Acceptable
9036,7,2,3,7,3,2,Sometimes,Rarely,Rarely,Struggling,Acceptable
9037,7,4,3,2,3,3,Often,Sometimes,Rarely,Struggling,Good
9038,7,3,4,6,4,2,Sometimes,Rarely,Rarely,Struggling,Acceptable
9039,7,2,4,3,3,0,Rarely,Sometimes,Never,Struggling,Acceptable
9040,7,3,2,2,3,2,Sometimes,Rarely,Rarely,Struggling,Acceptable
9041,7,3,2,1,1,1,Rarely,Rarely,Rarely,Struggling,Acceptable
9042,7,2,4,3,1,2,Rarely,Rarely,Never,Destitute,Acceptable
9043,7,2,3,2,2,2,Never,Rarely,Rarely,Struggling,Acceptable
9044,7,7,0,3,6,2,Never,Rarely,Never,Struggling,Acceptable
9045,7,2,3,1,1,1,Rarely,Rarely,Rarely,Destitute,Acceptable
9046,7,2,3,1,1,1,Rarely,Rarely,Rarely,Struggling,Acceptable
9047,7,3,3,2,1,2,Sometimes,Rarely,Rarely,Struggling,Poor
9048,7,3,2,2,1,2,Rarely,Rarely,Sometimes,Struggling,Good
9049,7,4,5,4,3,5,Sometimes,Sometimes,Rarely,Struggling,Good
9050,7,,,,,,,,,,
9051,7,3,1,1,4,1,Never,Rarely,Rarely,Struggling,Acceptable
9052,7,3,2,4,2,1,Rarely,Rarely,Never,Struggling,Good
9053,7,1,1,2,1,1,Never,Never,Never,Struggling,Good
9054,7,2,3,2,1,2,Rarely,Rarely,Sometimes,Struggling,Good
9055,7,3,4,3,0,2,Never,Rarely,Never,Struggling,Acceptable
9056,7,4,2,6,3,5,Often,Sometimes,Rarely,Struggling,Acceptable
9057,7,3,2,2,3,2,Rarely,Rarely,Never,Struggling,Acceptable
9058,7,1,3,2,3,0,Rarely,Rarely,Never,Struggling,Acceptable
9059,7,,,,,,,,,,
9060,7,2,5,4,5,2,Never,Never,Rarely,Struggling,Acceptable
9061,7,3,2,2,3,2,Rarely,Rarely,Sometimes,Struggling,Acceptable
9062,7,4,3,3,2,4,Sometimes,Rarely,Rarely,Struggling,Acceptable
9063,7,5,3,7,3,7,Rarely,Sometimes,Rarely,Struggling,Acceptable
9065,7,2,3,5,3,5,Rarely,Never,Never,Viable,Acceptable
9066,7,4,3,3,4,5,Rarely,Sometimes,Never,Struggling,Good
9067,7,5,6,5,2,2,Never,Rarely,Never,Viable,Acceptable
9068,7,4,5,3,2,4,Sometimes,Sometimes,Rarely,Struggling,Good
9069,7,4,3,6,2,2,Rarely,Never,Never,Struggling,Good
9070,7,4,1,2,1,0,Never,Never,Never,Destitute,Good
9071,7,2,3,2,3,3,Rarely,Rarely,Never,Struggling,Good
9072,7,,,,,,,,,,
9073,7,2,3,4,2,2,Rarely,Rarely,Never,Destitute,Good
9074,7,4,2,7,3,4,Sometimes,Rarely,Rarely,Struggling,Acceptable
9075,7,3,1,4,2,5,Rarely,Rarely,Never,Struggling,Acceptable
9076,7,3,2,3,3,2,Rarely,Sometimes,Rarely,Struggling,Acceptable
9077,7,3,5,2,2,1,Rarely,Sometimes,Never,Destitute,Acceptable
9078,7,3,5,4,2,1,Never,Never,Never,Struggling,Good
9079,7,3,4,1,1,1,Rarely,Rarely,Rarely,Destitute,Acceptable
9080,7,2,3,4,1,1,Rarely,Never,Rarely,Struggling,Acceptable
9081,7,3,2,3,2,2,Rarely,Sometimes,Rarely,Struggling,Acceptable
9082,7,2,4,3,2,1,Rarely,Rarely,Never,Struggling,Good
9083,7,,,,,,,,,,
9084,7,4,4,7,3,2,Often,Sometimes,Rarely,Struggling,Acceptable
9085,7,6,4,3,5,2,Rarely,Rarely,Rarely,Struggling,Good
9086,7,,,,,,,,,,
9087,7,3,1,4,3,0,Rarely,Rarely,Rarely,Struggling,Acceptable
9088,7,3,4,4,6,3,Sometimes,Rarely,Sometimes,Struggling,Good
9089,7,2,1,3,4,1,Sometimes,Sometimes,Rarely,Struggling,Good
9090,7,4,5,2,3,2,Often,Often,Rarely,Struggling,Good
9091,7,4,1,0,0,5,Sometimes,Sometimes,Never,Destitute,Acceptable
9092,7,5,4,2,3,2,Sometimes,Rarely,Rarely,Struggling,Acceptable
9093,7,4,3,6,7,3,Often,Sometimes,Sometimes,Struggling,Good
9094,7,5,3,2,5,2,Often,Rarely,Never,Struggling,Good
9095,7,1,2,0,0,0,Rarely,Sometimes,Rarely,Struggling,Acceptable
9096,7,0,2,0,0,0,Rarely,Rarely,Never,Struggling,Acceptable
9097,7,2,1,3,1,3,Rarely,Never,Never,Destitute,Good
9098,7,0,2,1,0,0,Rarely,Rarely,Never,Struggling,Good
9099,7,3,2,3,2,2,Rarely,Rarely,Sometimes,Struggling,Acceptable
9100,7,3,2,1,2,1,Rarely,Rarely,Rarely,Struggling,Acceptable
9106,7,2,2,1,1,1,Rarely,Rarely,Rarely,Viable,Acceptable
9108,7,4,0,2,0,0,Sometimes,Never,Never,Struggling,Acceptable
9111,7,3,2,3,4,3,Rarely,Rarely,Never,Struggling,Acceptable
9115,7,6,3,5,7,4,Often,Often,Sometimes,Destitute,Acceptable
10001,7,1,1,1,0,0,Never,Never,Never,Viable,Good
10002,7,0,2,0,0,0,Never,Rarely,Never,Struggling,Acceptable
10003,7,3,2,3,1,2,Rarely,Never,Never,Struggling,Good
10004,7,0,4,5,4,2,Rarely,Rarely,Never,Struggling,Acceptable
10005,7,1,2,1,0,0,Rarely,Rarely,Rarely,Viable,Acceptable
10006,7,4,5,5,3,4,Rarely,Never,Never,Struggling,Acceptable
10007,7,4,3,1,2,1,Rarely,Rarely,Rarely,Struggling,Acceptable
10009,7,6,3,2,6,5,Sometimes,Rarely,Rarely,Struggling,Acceptable
10010,7,5,4,7,6,4,Sometimes,Rarely,Rarely,Struggling,Acceptable
10011,7,3,2,2,3,3,Rarely,Rarely,Rarely,Struggling,Acceptable
10012,7,0,2,1,3,0,Rarely,Rarely,Never,Destitute,Good
10013,7,2,3,2,2,1,Never,Rarely,Never,Struggling,Good
10014,7,3,2,2,1,1,Never,Never,Never,Struggling,Good
10016,7,2,3,4,5,3,Sometimes,Rarely,Rarely,Struggling,Acceptable
10017,7,3,4,2,1,1,Rarely,Never,Never,Viable,Acceptable
10018,7,2,3,1,0,0,Never,Rarely,Rarely,Viable,Acceptable
10019,7,3,2,4,4,2,Sometimes,Rarely,Rarely,Struggling,Acceptable
10020,7,4,3,7,7,6,Sometimes,Rarely,Never,Struggling,Acceptable
10021,7,4,3,2,1,2,Sometimes,Never,Rarely,Struggling,Good
10022,7,1,3,2,3,3,Rarely,Rarely,Rarely,Struggling,Acceptable
10023,7,2,4,3,4,2,Never,Never,Never,Viable,Good
10024,7,0,2,0,2,0,Rarely,Rarely,Never,Struggling,Acceptable
10025,7,3,4,0,0,1,Rarely,Rarely,Rarely,Struggling,Acceptable
10026,7,2,4,4,0,0,Rarely,Never,Never,Struggling,Acceptable
10027,7,1,3,2,2,2,Rarely,Rarely,Never,Struggling,Acceptable
10029,7,4,3,4,3,2,Rarely,Rarely,Never,Viable,Good
10030,7,2,3,3,1,3,Rarely,Rarely,Never,Struggling,Good
10031,7,3,2,3,2,1,Rarely,Rarely,Never,Struggling,Acceptable
10033,7,2,5,6,4,3,Sometimes,Sometimes,Rarely,Struggling,Acceptable
10036,7,3,2,3,5,4,Never,Rarely,Never,Struggling,Good
11001,7,5,4,2,2,3,Rarely,Rarely,Sometimes,Destitute,Good
11002,7,1,1,0,2,0,Never,Never,Never,Destitute,Good
11003,7,4,3,3,3,2,Sometimes,Sometimes,Sometimes,Struggling,Good
11004,7,5,4,3,1,2,Sometimes,Sometimes,Rarely,Struggling,Acceptable
11005,7,3,2,5,0,0,Sometimes,Rarely,Never,Viable,Good
11006,7,2,1,2,2,2,Sometimes,Sometimes,Rarely,Struggling,Acceptable
11007,7,2,1,0,1,1,Sometimes,Rarely,Sometimes,Struggling,Good
11008,7,2,2,1,0,0,Rarely,Never,Never,Struggling,Good
11010,7,4,1,3,1,3,Rarely,Rarely,Rarely,Struggling,Good
11011,7,2,2,1,1,0,Rarely,Rarely,Rarely,Struggling,Good
11012,7,0,0,1,1,1,Rarely,Rarely,Rarely,Viable,Acceptable
11013,7,7,0,0,4,7,Sometimes,Never,Never,Destitute,Good
11014,7,1,0,0,0,0,Rarely,Never,Never,Viable,Good
11015,7,1,0,0,0,0,Never,Never,Never,Sustainable,Acceptable
11018,7,3,1,3,3,2,Sometimes,Rarely,Sometimes,Struggling,Acceptable
11020,7,0,0,0,0,0,Never,Never,Never,Viable,Good
11021,7,3,0,5,3,7,Sometimes,Sometimes,Rarely,Struggling,Acceptable
11022,7,6,5,6,7,6,Often,Often,Sometimes,Struggling,Acceptable
11023,7,3,2,1,2,4,Never,Never,Never,Struggling,Good
11024,7,1,1,2,1,1,Rarely,Rarely,Rarely,Viable,Acceptable
11025,7,3,2,4,2,4,Sometimes,Sometimes,Rarely,Struggling,Good
11026,7,3,1,2,1,1,Sometimes,Rarely,Sometimes,Struggling,Acceptable
11027,7,2,1,2,3,3,Rarely,Rarely,Never,Struggling,Good
11028,7,7,0,6,4,5,Never,Never,Never,Struggling,Good
11029,7,2,2,1,3,2,Never,Never,Never,Viable,Good
11030,7,2,1,2,1,3,Never,Rarely,Rarely,Struggling,Good
11032,7,4,2,1,2,3,Rarely,Rarely,Rarely,Struggling,Good
11033,7,5,4,5,4,5,Often,Sometimes,Rarely,Struggling,Acceptable
11034,7,3,1,2,0,1,Rarely,Rarely,Rarely,Struggling,Acceptable
11035,7,1,1,1,0,0,Never,Rarely,Rarely,Viable,Acceptable
11036,7,0,0,0,0,0,Never,Never,Never,Viable,Good
11037,7,1,2,1,1,1,Sometimes,Rarely,Never,Viable,Good
11039,7,7,0,5,4,5,Rarely,Never,Never,Struggling,Good
11040,7,1,2,1,1,3,Rarely,Rarely,Rarely,Destitute,Good
11041,7,1,0,0,0,0,Never,Never,Never,Viable,Acceptable
11042,7,7,0,7,7,7,Often,Sometimes,Never,Destitute,Good
11044,7,2,0,0,0,0,Never,Never,Never,Viable,Good
11045,7,2,2,2,2,1,Sometimes,Rarely,Never,Struggling,Good
11047,7,2,4,2,3,3,Sometimes,Sometimes,Sometimes,Struggling,Acceptable
11049,7,1,0,0,2,1,Never,Sometimes,Rarely,Struggling,Good
11050,7,3,3,2,3,2,Sometimes,Sometimes,Sometimes,Struggling,Acceptable
11051,7,3,2,2,2,2,Sometimes,Sometimes,Rarely,Struggling,Good
11052,7,2,1,0,0,0,Sometimes,Rarely,Rarely,Viable,Good
11054,7,3,2,4,4,5,Sometimes,Rarely,Rarely,Struggling,Acceptable
11055,7,0,0,1,2,1,Rarely,Rarely,Never,Viable,Good
11056,7,4,1,1,1,1,Never,Never,Never,Sustainable,Good
11057,7,2,1,1,0,0,Never,Never,Never,Sustainable,Good
11060,7,7,0,5,6,6,Rarely,Never,Never,Destitute,Good
11061,7,2,2,1,1,1,Sometimes,Rarely,Never,Struggling,Good
11064,7,3,3,3,2,1,Rarely,Rarely,Rarely,Viable,Good
11067,7,2,2,2,1,1,Rarely,Rarely,Rarely,Struggling,Good
12001,7,3,3,2,2,2,Sometimes,Sometimes,Rarely,Destitute,Acceptable
12002,7,5,3,4,3,3,Rarely,Rarely,Rarely,Struggling,Good
12003,7,5,6,6,7,6,Often,Sometimes,Sometimes,Destitute,Acceptable
12004,7,4,4,3,2,4,Rarely,Sometimes,Sometimes,Destitute,Acceptable
12005,7,3,2,2,2,2,Sometimes,Rarely,Never,Struggling,Good
12006,7,5,4,7,6,5,Sometimes,Sometimes,Sometimes,Destitute,Good
12007,7,2,1,2,1,0,Rarely,Never,Never,Viable,Acceptable
12008,7,3,2,2,1,2,Sometimes,Sometimes,Rarely,Struggling,Good
12009,7,7,0,6,6,3,Never,Never,Never,Struggling,Good
12010,7,5,2,4,2,2,Rarely,Rarely,Rarely,Struggling,Acceptable
12011,7,5,2,5,2,2,Rarely,Rarely,Never,Struggling,Poor
12015,7,2,3,4,3,3,Sometimes,Rarely,Rarely,Struggling,Acceptable
12016,7,4,3,2,3,3,Rarely,Rarely,Rarely,Struggling,Good
12017,7,6,4,4,2,5,Sometimes,Sometimes,Rarely,Destitute,Good
12018,7,2,1,1,2,1,Sometimes,Rarely,Rarely,Destitute,Acceptable
12019,7,3,2,4,2,2,Sometimes,Rarely,Rarely,Struggling,Good
12020,7,3,3,2,2,2,Rarely,Sometimes,Never,Destitute,Good
12021,7,5,3,4,3,4,Sometimes,Sometimes,Sometimes,Struggling,Good
12022,7,6,6,7,7,7,Often,Often,Sometimes,Destitute,Good
12023,7,0,0,0,0,0,Rarely,Rarely,Sometimes,Viable,Good
12024,7,,,,,,,,,,
12025,7,3,2,3,2,3,Sometimes,Sometimes,Sometimes,Struggling,Acceptable
12026,7,1,1,2,3,2,Rarely,Sometimes,Rarely,Struggling,Acceptable
12027,7,2,3,2,1,1,Rarely,Never,Rarely,Viable,Acceptable
12028,7,7,0,5,4,4,Never,Never,Never,Struggling,Good
12029,7,4,2,5,2,3,Sometimes,Sometimes,Rarely,Struggling,Acceptable
12030,7,1,1,2,0,2,Rarely,Rarely,Rarely,Struggling,Good
12031,7,7,3,5,3,2,Rarely,Sometimes,Sometimes,Struggling,Acceptable
12032,7,5,1,4,2,2,Rarely,Rarely,Never,Struggling,Acceptable
12033,7,4,1,3,2,3,Sometimes,Rarely,Sometimes,Struggling,Good
12034,7,3,5,2,4,2,Sometimes,Sometimes,Sometimes,Struggling,Good
12035,7,2,1,3,0,0,Never,Never,Never,Struggling,Acceptable
12036,7,7,0,5,0,4,Never,Never,Never,Struggling,Good
12040,7,1,2,0,1,0,Sometimes,Rarely,Sometimes,Struggling,Good
12043,7,2,3,2,3,4,Rarely,Rarely,Rarely,Destitute,Acceptable
12044,7,3,1,3,3,2,Sometimes,Rarely,Sometimes,Struggling,Good
13001,7,2,1,2,3,1,Sometimes,Rarely,Sometimes,Struggling,Good
13002,7,5,3,4,4,2,Rarely,Rarely,Rarely,Struggling,Good
13003,7,3,3,2,2,2,Sometimes,Sometimes,Sometimes,Struggling,Acceptable
13004,7,4,3,2,3,3,Rarely,Rarely,Rarely,Struggling,Good
13005,7,3,2,1,1,1,Sometimes,Rarely,Sometimes,Destitute,Good
13006,7,3,1,1,1,0,Rarely,Rarely,Never,Struggling,Acceptable
13007,7,4,1,2,1,1,Rarely,Rarely,Never,Struggling,Acceptable
13008,7,3,2,3,2,5,Sometimes,Rarely,Sometimes,Destitute,Acceptable
13009,7,4,5,5,4,3,Sometimes,Rarely,Sometimes,Struggling,Acceptable
13010,7,7,0,7,7,7,Sometimes,Sometimes,Rarely,Destitute,Good
13011,7,3,3,1,2,2,Sometimes,Sometimes,Rarely,Destitute,Good
13012,7,5,4,6,4,4,Sometimes,Often,Sometimes,Viable,Acceptable
13013,7,7,0,6,5,4,Rarely,Never,Never,Struggling,Good
13014,7,5,3,4,2,3,Sometimes,Rarely,Rarely,Struggling,Good
13015,7,6,4,3,5,5,Sometimes,Sometimes,Sometimes,Destitute,Good
13016,7,5,3,4,3,5,Often,Sometimes,Rarely,Destitute,Acceptable
13017,7,2,1,1,2,1,Rarely,Rarely,Sometimes,Struggling,Good
13018,7,3,2,2,2,2,Sometimes,Sometimes,Rarely,Struggling,Good
13019,7,3,0,3,1,0,Never,Never,Never,Struggling,Good
13020,7,6,4,3,5,5,Sometimes,Sometimes,Sometimes,Struggling,Good
13021,7,7,0,6,3,7,Sometimes,Sometimes,Never,Destitute,Good
13022,7,7,0,5,2,5,Sometimes,Rarely,Never,Destitute,Good
13023,7,4,1,2,1,1,Rarely,Never,Never,Viable,Acceptable
13025,7,3,1,2,1,1,Rarely,Sometimes,Rarely,Destitute,Good
13026,7,0,0,0,0,0,Rarely,Rarely,Rarely,Struggling,Acceptable
13028,7,1,1,2,2,1,Rarely,Rarely,Rarely,Viable,Acceptable
13029,7,1,2,2,1,2,Sometimes,Rarely,Sometimes,Struggling,Acceptable
13030,7,4,5,4,6,5,Often,Sometimes,Rarely,Struggling,Acceptable
13035,7,1,2,2,4,4,Sometimes,Rarely,Never,Struggling,Acceptable
13036,7,3,2,2,1,2,Sometimes,Rarely,Sometimes,Destitute,Good
13038,7,1,2,1,2,4,Rarely,Rarely,Rarely,Struggling,Good
14001,7,7,7,7,7,7,Sometimes,Rarely,Never,Destitute,Good
14002,7,0,0,0,0,6,Rarely,Rarely,Rarely,Struggling,Acceptable
14003,7,2,6,4,6,4,Sometimes,Sometimes,Sometimes,Struggling,Good
14004,7,4,5,3,6,6,Sometimes,Sometimes,Sometimes,Destitute,Acceptable
14005,7,2,0,3,7,2,Never,Rarely,Never,Struggling,Acceptable
14006,7,3,4,4,3,3,Rarely,Sometimes,Sometimes,Destitute,Acceptable
14008,7,4,2,3,1,6,Rarely,Sometimes,Rarely,Struggling,Acceptable
14009,7,,,,,,,,,,
14010,7,,,,,,,,,,
14011,7,7,4,7,0,7,Often,Often,Often,Destitute,Acceptable
14012,7,,,,,,,,,,
14013,7,3,1,2,4,7,Sometimes,Often,Sometimes,Struggling,Acceptable
14014,7,2,1,1,1,3,Sometimes,Sometimes,Rarely,Struggling,Acceptable
14015,7,1,1,0,0,0,Rarely,Never,Never,Struggling,Acceptable
14016,7,1,3,3,0,2,Never,Never,Never,Struggling,Acceptable
14017,7,1,2,3,4,3,Rarely,Never,Rarely,Viable,Acceptable
14018,7,1,2,3,4,4,Rarely,Never,Often,Struggling,Acceptable
14019,7,7,0,5,2,5,Sometimes,Sometimes,Sometimes,Struggling,Acceptable
14020,7,7,7,7,7,7,Often,Often,Often,Destitute,Acceptable
14021,7,7,7,7,7,7,Often,Often,Often,Destitute,Acceptable
14022,7,4,2,7,7,7,Sometimes,Sometimes,Sometimes,Destitute,Acceptable
14024,7,1,0,1,4,2,Never,Never,Never,Viable,Acceptable
14027,7,3,0,5,4,3,Never,Sometimes,Sometimes,Struggling,Acceptable
14028,7,2,1,4,2,2,Sometimes,Sometimes,Rarely,Struggling,Acceptable
14029,7,,,,,,,,,,
14030,7,7,0,7,7,7,Sometimes,Sometimes,Rarely,Destitute,Acceptable
14031,7,7,7,7,7,7,Often,Often,Often,Destitute,Acceptable
14033,7,1,2,5,2,5,Sometimes,Rarely,Sometimes,Struggling,Good
14035,7,5,2,2,6,7,Rarely,Rarely,Never,Struggling,Acceptable
14037,7,7,5,7,7,7,Often,Often,Often,Destitute,Acceptable
14038,7,1,5,2,4,3,Rarely,Sometimes,Sometimes,Viable,Good
14040,7,7,6,6,6,6,Often,Often,Often,Destitute,Acceptable
14041,7,7,0,5,5,7,Sometimes,Sometimes,Sometimes,Struggling,Acceptable
14043,7,5,1,3,2,3,Sometimes,Rarely,Never,Struggling,Acceptable
14044,7,7,4,7,0,7,Sometimes,Sometimes,Sometimes,Destitute,Acceptable
14045,7,7,7,7,7,7,Often,Often,Often,Destitute,Acceptable
14046,7,3,2,3,3,2,Sometimes,Sometimes,Rarely,Destitute,Acceptable
14048,7,3,2,2,2,2,Rarely,Rarely,Rarely,Struggling,Acceptable
14049,7,1,2,4,3,4,Sometimes,Often,Often,Struggling,Acceptable
14050,7,1,3,4,5,3,Sometimes,Sometimes,Sometimes,Struggling,Good
14051,7,,,,,,,,,,
14052,7,2,0,0,0,0,Never,Rarely,Never,Struggling,Acceptable
14054,7,1,0,2,0,4,Sometimes,Sometimes,Rarely,Destitute,Acceptable
14055,7,1,1,4,3,7,Rarely,Rarely,Rarely,Struggling,Good
14056,7,5,3,3,7,5,Often,Often,Often,Destitute,Good
14057,7,7,7,7,7,7,Often,Often,Often,Destitute,Good
14058,7,0,0,1,1,1,Sometimes,Never,Never,Viable,Acceptable
14060,7,6,5,6,5,5,Sometimes,Sometimes,Sometimes,Struggling,Acceptable
14061,7,7,6,7,7,7,Rarely,Sometimes,Sometimes,Viable,Acceptable
14062,7,7,0,7,0,7,Rarely,Sometimes,Rarely,Struggling,Acceptable
14064,7,0,3,2,7,5,Sometimes,Sometimes,Sometimes,Struggling,Acceptable
14065,7,1,0,0,0,0,Never,Never,Never,Destitute,Good
14066,7,7,4,7,5,5,Sometimes,Often,Sometimes,Destitute,Acceptable
14067,7,2,1,2,2,2,Sometimes,Sometimes,Sometimes,Struggling,Acceptable
14068,7,5,0,3,1,4,Often,Sometimes,Sometimes,Destitute,Acceptable
14069,7,7,7,7,7,7,Often,Often,Often,Destitute,Good
14071,7,7,7,7,7,7,Sometimes,Sometimes,Sometimes,Destitute,Acceptable
14073,7,,,,,,,,,,
14075,7,1,2,2,1,7,Sometimes,Sometimes,Rarely,Struggling,Acceptable
14076,7,,,,,,,,,,
14077,7,,,,,,,,,,
14078,7,6,2,2,6,7,Sometimes,Often,Never,Destitute,Poor
14082,7,7,3,6,7,7,Often,Sometimes,Rarely,Destitute,Acceptable
14083,7,3,0,6,6,7,Sometimes,Sometimes,Sometimes,Destitute,Acceptable
14085,7,,,,,,,,,,
14086,7,,,,,,,,,,
14087,7,0,0,0,0,0,Never,Never,Never,Viable,Good
14088,7,2,0,3,3,1,Rarely,Never,Never,Struggling,Acceptable
14089,7,0,0,5,0,6,Never,Never,Never,Struggling,Acceptable
14090,7,0,0,0,0,0,Never,Never,Never,Viable,Acceptable
14091,7,4,4,3,3,5,Sometimes,Sometimes,Sometimes,Destitute,Acceptable
14092,7,2,3,3,4,5,Sometimes,Rarely,Often,Struggling,Acceptable
14094,7,0,0,1,0,1,Rarely,Never,Never,Struggling,Acceptable
14095,7,,,,,,,,,,
14096,7,3,4,3,5,6,Sometimes,Rarely,Sometimes,Struggling,Poor
14097,7,1,2,2,1,3,Sometimes,Sometimes,Rarely,Destitute,Good
14098,7,6,2,1,4,7,Sometimes,Rarely,Rarely,Struggling,Acceptable
14099,7,2,2,7,2,7,Rarely,Sometimes,Rarely,Struggling,Acceptable
14101,7,7,3,7,0,7,Sometimes,Sometimes,Sometimes,Destitute,Acceptable
14102,7,3,1,1,3,4,Sometimes,Rarely,Rarely,Destitute,Acceptable
14103,7,3,0,2,2,7,Sometimes,Sometimes,Sometimes,Destitute,Acceptable
14104,7,4,3,3,6,5,Often,Sometimes,Sometimes,Destitute,Good
14105,7,3,2,3,3,2,Sometimes,Sometimes,Rarely,Struggling,Acceptable
14106,7,7,0,3,2,4,Sometimes,Sometimes,Sometimes,Struggling,Acceptable
14108,7,0,2,2,3,3,Never,Rarely,Never,Struggling,Acceptable
14109,7,7,3,3,0,7,Often,Rarely,Rarely,Destitute,Acceptable
14110,7,,,,,,,,,,
14111,7,2,3,2,3,2,Sometimes,Sometimes,Sometimes,Destitute,Acceptable
14112,7,3,0,0,0,0,Never,Never,Never,Struggling,Acceptable
14113,7,,,,,,,,,,
14114,7,7,3,7,0,7,Sometimes,Sometimes,Sometimes,Destitute,Acceptable
14115,7,3,0,5,4,7,Sometimes,Sometimes,Sometimes,Destitute,Acceptable
14116,7,3,0,2,2,7,Rarely,Rarely,Rarely,Struggling,Poor
14117,7,1,4,5,3,I don't know,Sometimes,Rarely,Sometimes,Struggling,Acceptable
14118,7,7,4,7,7,7,Often,Often,Often,Destitute,Acceptable
14120,7,1,3,2,5,5,Sometimes,Rarely,Rarely,Struggling,Acceptable
14121,7,1,2,3,2,7,Rarely,Rarely,Rarely,Struggling,Acceptable
14122,7,2,1,5,5,4,Sometimes,Often,Sometimes,Destitute,Acceptable
14124,7,2,0,0,0,6,Never,Never,Never,Struggling,Acceptable
14125,7,5,0,1,2,7,Sometimes,Sometimes,Rarely,Struggling,Acceptable
14129,7,,,,,,,,,,
14130,7,7,4,7,0,7,Sometimes,Sometimes,Sometimes,Destitute,Acceptable
14134,7,1,2,3,4,3,Rarely,Rarely,Rarely,Viable,Acceptable
14137,7,3,1,7,7,7,Rarely,Rarely,Rarely,Struggling,Acceptable
14138,7,3,3,4,3,5,Sometimes,Rarely,Rarely,Struggling,Acceptable
15001,7,3,2,3,3,3,Sometimes,Rarely,Rarely,Viable,Good
15002,7,2,2,1,2,2,Sometimes,Sometimes,Rarely,Struggling,Good
15003,7,2,0,0,1,1,Never,Never,Never,Sustainable,Good
15005,7,5,3,2,4,3,Sometimes,Rarely,Rarely,Struggling,Good
15006,7,3,2,4,3,3,Sometimes,Rarely,Sometimes,Struggling,Good
15007,7,1,0,0,0,0,Never,Never,Never,Viable,Acceptable
15008,7,3,2,4,3,2,Sometimes,Rarely,Sometimes,Destitute,Good
15009,7,5,6,5,4,4,Sometimes,Sometimes,Sometimes,Struggling,Poor
15010,7,,,,,,,,,,
15012,7,3,1,2,2,2,Rarely,Rarely,Rarely,Viable,Good
15013,7,1,2,1,1,1,Sometimes,Rarely,Rarely,Struggling,Acceptable
15014,7,1,2,2,1,2,Rarely,Rarely,Never,Sustainable,Good
15016,7,7,4,7,7,4,Often,Sometimes,Sometimes,Destitute,Acceptable
15018,7,3,2,2,3,2,Sometimes,Rarely,Sometimes,Viable,Good
15019,7,5,0,0,0,0,Never,Never,Never,Viable,Good
15020,7,3,1,3,2,2,Sometimes,Rarely,Never,Struggling,Acceptable
15021,7,3,0,1,0,0,Never,Never,Never,Viable,Acceptable
15022,7,6,4,5,4,6,Sometimes,Rarely,Rarely,Struggling,Acceptable
15023,7,2,1,2,1,2,Sometimes,Sometimes,Rarely,Destitute,Good
15024,7,2,2,3,3,3,Rarely,Rarely,Rarely,Viable,Acceptable
15025,7,4,2,3,4,1,Sometimes,Rarely,Sometimes,Struggling,Good
15026,7,1,1,2,2,3,Rarely,Rarely,Never,Struggling,Acceptable
15027,7,0,0,0,0,0,Never,Never,Never,Sustainable,Good
15028,7,2,2,2,3,4,Rarely,Rarely,Rarely,Struggling,Good
15029,7,6,5,4,5,6,Often,Sometimes,Rarely,Destitute,Acceptable
15030,7,2,1,3,1,2,Rarely,Rarely,Rarely,Viable,Good
15031,7,3,3,4,4,3,Sometimes,Sometimes,Sometimes,Struggling,Acceptable
15033,7,5,3,3,4,3,Sometimes,Sometimes,Rarely,Destitute,Good
15034,7,3,2,2,4,3,Sometimes,Sometimes,Rarely,Viable,Acceptable
15035,7,4,2,1,2,2,Sometimes,Rarely,Rarely,Viable,Good
15036,7,5,2,3,2,3,Rarely,Sometimes,Rarely,Struggling,Acceptable
15037,7,3,3,4,4,3,Rarely,Sometimes,Rarely,Viable,Acceptable
15038,7,,,,,,,,,,
15039,7,0,0,0,0,0,Never,Never,Never,Viable,Acceptable
15040,7,2,1,2,1,2,Rarely,Rarely,Rarely,Struggling,Good
15041,7,4,3,3,5,4,Rarely,Sometimes,Sometimes,Struggling,Acceptable
15042,7,5,4,4,5,5,Often,Sometimes,Sometimes,Destitute,Good
15044,7,7,6,7,2,6,Sometimes,Sometimes,Never,Destitute,Good
15046,7,7,3,6,5,4,Sometimes,Sometimes,Rarely,Struggling,Good
15047,7,3,3,2,3,2,Often,Sometimes,Sometimes,Destitute,Good
15049,7,5,0,4,5,3,Never,Never,Never,Struggling,Good
15050,7,4,2,3,4,2,Rarely,Rarely,Rarely,Struggling,Good
15052,7,2,1,1,1,2,Rarely,Rarely,Rarely,Viable,Good
16001,7,6,7,6,5,5,Sometimes,Sometimes,Sometimes,Struggling,Acceptable
16004,7,5,0,5,4,5,Sometimes,Sometimes,Sometimes,Destitute,Acceptable
16006,7,7,0,6,3,4,Sometimes,Sometimes,Never,Destitute,Acceptable
16007,7,4,2,4,4,3,Rarely,Sometimes,Sometimes,Struggling,Good
16008,7,4,3,4,3,2,Sometimes,Sometimes,Rarely,Struggling,Acceptable
16009,7,4,5,3,5,5,Sometimes,Sometimes,Rarely,Destitute,Good
16010,7,3,0,4,3,4,Sometimes,Sometimes,Rarely,Struggling,Good
16011,7,5,4,4,0,7,Often,Sometimes,Never,Destitute,Good
16012,7,4,2,2,1,2,Rarely,Rarely,Rarely,Struggling,Good
16014,7,3,2,2,0,0,Never,Never,Never,Struggling,Acceptable
16015,7,1,1,2,1,2,Sometimes,Sometimes,Rarely,Struggling,Acceptable
16016,7,4,1,2,3,2,Rarely,Sometimes,Rarely,Struggling,Good
16017,7,4,2,3,1,2,Sometimes,Rarely,Sometimes,Struggling,Good
16018,7,4,3,5,6,4,Sometimes,Rarely,Rarely,Struggling,Acceptable
16019,7,1,0,1,0,1,Rarely,Never,Never,Viable,Acceptable
16020,7,5,4,6,6,4,Often,Sometimes,Rarely,Destitute,Good
16021,7,,,,,,,,,,
16022,7,2,1,3,2,1,Sometimes,Sometimes,Rarely,Struggling,Good
16023,7,3,0,1,2,2,Rarely,Sometimes,Rarely,Viable,Good
16024,7,2,1,1,1,1,Rarely,Rarely,Rarely,Viable,Acceptable
16025,7,2,1,2,1,2,Sometimes,Rarely,Never,Struggling,Good
16026,7,1,0,1,1,0,Never,Never,Never,Viable,Good
16027,7,2,2,3,2,3,Sometimes,Sometimes,Rarely,Struggling,Good
16028,7,6,3,3,2,1,Rarely,Never,Never,Viable,Good
16029,7,3,2,3,1,1,Rarely,Never,Never,Viable,Acceptable
16030,7,5,0,3,0,3,Never,Rarely,Never,Struggling,Good
16031,7,1,0,1,0,0,Never,Rarely,Never,Viable,Acceptable
16032,7,0,0,0,0,0,Never,Never,Never,Viable,Acceptable
16033,7,,,,,,,,,,
16034,7,4,5,5,5,5,Sometimes,Sometimes,Sometimes,Struggling,Acceptable
16035,7,,,,,,,,,,
16036,7,2,0,1,1,0,Rarely,Never,Never,Viable,Good
16037,7,3,2,3,2,2,Rarely,Rarely,Never,Struggling,Acceptable
16038,7,3,1,2,3,3,Rarely,Rarely,Never,Struggling,Acceptable
16040,7,2,0,2,1,1,Rarely,Never,Never,Viable,Good
16042,7,3,0,5,0,0,Never,Never,Never,Struggling,Good
16043,7,3,6,5,7,7,Sometimes,Often,Often,Struggling,Poor
16044,7,,,,,,,,,,
16045,7,3,2,1,3,3,Sometimes,Sometimes,Rarely,Struggling,Good
16046,7,6,6,6,6,7,Often,Often,Sometimes,Destitute,Acceptable
16047,7,1,0,0,0,0,Never,Never,Never,Viable,Good
16048,7,2,4,2,1,3,Sometimes,Rarely,Sometimes,Struggling,Acceptable
16049,7,5,3,2,4,3,Rarely,Rarely,Rarely,Destitute,Good
16050,7,3,2,4,3,2,Rarely,Sometimes,Sometimes,Struggling,Good
16051,7,5,3,4,4,3,Sometimes,Sometimes,Sometimes,Destitute,Good
16052,7,3,2,1,2,2,Sometimes,Sometimes,Rarely,Destitute,Good
16053,7,5,3,3,4,3,Sometimes,Rarely,Rarely,Struggling,Good
16063,7,1,0,0,0,0,Never,Never,Never,Sustainable,Acceptable
16066,7,3,2,4,2,3,Rarely,Sometimes,Rarely,Struggling,Poor
